connective	sense	class	weight	year	freq	z_freq
after	Temporal	Asynchronous	0.95	1820	967.218275	2.12599784983775
afterward	Temporal	Asynchronous	1	1820	26.5	-0.320641143322232
afterwards	Temporal	Asynchronous	1	1820	108.14	-0.108310190783247
also	Temporal	Synchronous	5e-04	1820	9.6685e-05	-0.389562624373983
although	Temporal	Synchronous	0.003	1820	0.00214641	-0.389557293408014
as	Temporal	Synchronous	0.015	1820	1.7404695	-0.385036227784297
as	Temporal	Asynchronous	0.547	1820	2314.50728278	5.63005417476708
before	Temporal	Asynchronous	1	1820	1181.28	2.68273388574402
but	Temporal	Synchronous	2e-04	1820	0.000247498	-0.389562232136502
by	Temporal	Synchronous	0.0023	1820	0.0330460481	-0.389476929008322
earlier	Temporal	Asynchronous	1	1820	26.21	-0.321395381149722
finally	Temporal	Asynchronous	0.422	1820	14.5405586	-0.351745498837863
however	Temporal	Synchronous	0.001	1820	0.00061148	-0.389561285484802
if	Temporal	Synchronous	4e-04	1820	0.0004281552	-0.389561762279626
in	Temporal	Synchronous	0.2375	1820	1003.3628359375	2.2200033502415
later	Temporal	Asynchronous	1	1820	35.95	-0.296063393426428
meantime	Temporal	Synchronous	1	1820	23.49	-0.328469611807562
meanwhile	Temporal	Synchronous	0.71875	1820	15.761513671875	-0.34857001435209
next	Temporal	Asynchronous	1	1820	259.55	0.285479979769517
once	Temporal	Asynchronous	0.952381	1820	463.03859505669	0.814717206854363
previously	Temporal	Asynchronous	1	1820	36.24	-0.295309155598938
separately	Temporal	Synchronous	0.01408451	1820	0.00184685655826233	-0.389558072492625
simultaneously	Temporal	Synchronous	1	1820	3.72	-0.37988782508164
since	Temporal	Asynchronous	0.4925	1820	98.463284125	-0.133477587882559
still	Temporal	Asynchronous	0.0103626	1820	0.0710309496953772	-0.389378137112953
still	Temporal	Synchronous	0.005181347	1820	0.0177580595891095	-0.38951669031605
subsequently	Temporal	Asynchronous	1	1820	11.46	-0.359757477547934
then	Temporal	Asynchronous	0.9218289	1820	1159.37318377088	2.62575819788237
then	Temporal	Synchronous	0.01179941	1820	0.189951705004767	-0.389068845622857
thereafter	Temporal	Asynchronous	1	1820	2.58	-0.382852759989705
till	Temporal	Asynchronous	0.8	1820	305.5424	0.405097937897322
ultimately	Temporal	Asynchronous	0.8611111	1820	11.1523453912099	-0.360557631836731
until	Temporal	Asynchronous	0.8934911	1820	204.802640746199	0.143091947685322
upon	Temporal	Asynchronous	0.1	1820	20.3541	-0.336625523542826
upon	Temporal	Synchronous	0.6	1820	732.7476	1.51618180665783
when	Temporal	Asynchronous	0.1899441	1820	84.2309188724264	-0.170493409427901
when	Temporal	Synchronous	0.07495527	1820	13.1166904040044	-0.355448723854347
while	Temporal	Synchronous	0.3592777	1820	108.809669381047	-0.106568501200152
with	Temporal	Synchronous	0.01683502	1820	2.27351036067239	-0.383649884402514
bythen	Temporal	Asynchronous	0.9285714	1820	0	-0.389562875834274
evenafter	Temporal	Asynchronous	1	1820	6.59	-0.372423471409581
evenas	Temporal	Synchronous	0.4230769	1820	2.76903815946155	-0.382361105745894
evenbefore	Temporal	Asynchronous	1	1820	3.87	-0.379497702067421
eventhen	Temporal	Asynchronous	1	1820	12.03	-0.358275010093901
evenwhen	Temporal	Synchronous	0.142857	1820	0.37122374734731	-0.388597389652508
evenwhen	Temporal	Asynchronous	0.07142857	1820	0.0928061187367347	-0.389321503815743
evenwhile	Temporal	Synchronous	1	1820	8.45	-0.367585946033264
lateron	Temporal	Asynchronous	1	1820	0	-0.389562875834274
nowthat	Temporal	Asynchronous	0.1190476	1820	0.340986285442186	-0.388676031851046
nowthat	Temporal	Synchronous	0.1904762	1820	0.872925257360546	-0.387292554283677
sincebefore	Temporal	Asynchronous	1	1820	0	-0.389562875834274
aslongas	Temporal	Synchronous	0.3125	1820	3.1337890625	-0.381412454267678
assoonas	Temporal	Synchronous	0.45	1820	16.8237	-0.345807458805487
assoonas	Temporal	Asynchronous	0.55	1820	25.1317	-0.324199845457938
beforeandafter	Temporal	Asynchronous	1	1820	0.86	-0.387326170552751
evenbeforethen	Temporal	Asynchronous	1	1820	0	-0.389562875834274
ifandwhen	Temporal	Synchronous	0.1666667	1820	0	-0.389562875834274
intheend	Temporal	Asynchronous	0.2307692	1820	0.503254303668648	-0.388254001928501
inthemeantime	Temporal	Asynchronous	0.1785714	1820	0.493303413571441	-0.388279882403426
inthemeantime	Temporal	Synchronous	0.7857143	1820	9.55035749014286	-0.364724114161443
inthemeanwhile	Temporal	Synchronous	1	1820	2.15	-0.383971112630466
whenandif	Temporal	Asynchronous	0.5	1820	0	-0.389562875834274
after	Temporal	Asynchronous	0.95	1830	980.214275	2.15979810778969
afterward	Temporal	Asynchronous	1	1830	25.96	-0.32204558617342
afterwards	Temporal	Asynchronous	1	1830	110.71	-0.101626083139626
also	Temporal	Synchronous	5e-04	1830	0.0001063175	-0.389562599321583
although	Temporal	Synchronous	0.003	1830	0.001872	-0.389558007099056
as	Temporal	Synchronous	0.015	1830	1.86827625	-0.384703825420647
as	Temporal	Asynchronous	0.547	1830	2484.46697105	6.07208874732463
before	Temporal	Asynchronous	1	1830	1242.48	2.84190407554541
but	Temporal	Synchronous	2e-04	1830	0.0002124468	-0.389562323298367
by	Temporal	Synchronous	0.0023	1830	0.0342455556	-0.389473809305112
earlier	Temporal	Asynchronous	1	1830	26.84	-0.319756864490002
finally	Temporal	Asynchronous	0.422	1830	12.36437212	-0.357405368365066
however	Temporal	Synchronous	0.001	1830	0.00052504	-0.389561510299691
if	Temporal	Synchronous	4e-04	1830	0.0004169408	-0.389561791446263
in	Temporal	Synchronous	0.2375	1830	1055.1257234375	2.35462930821607
later	Temporal	Asynchronous	1	1830	32.46	-0.305140255557259
meantime	Temporal	Synchronous	1	1830	20.35	-0.336636186905215
meanwhile	Temporal	Synchronous	0.71875	1830	12.093642578125	-0.358109487197829
next	Temporal	Asynchronous	1	1830	268.68	0.309225467234987
once	Temporal	Asynchronous	0.952381	1830	445.932017382314	0.77022607588569
previously	Temporal	Asynchronous	1	1830	46.39	-0.268910831636778
separately	Temporal	Synchronous	0.01408451	1830	0.00254711473771088	-0.38955625124708
simultaneously	Temporal	Synchronous	1	1830	8.02	-0.368704298674025
since	Temporal	Asynchronous	0.4925	1830	87.0364591875	-0.163196703799703
still	Temporal	Asynchronous	0.0103626	1830	0.0716215588285572	-0.389376601044852
still	Temporal	Synchronous	0.005181347	1830	0.0179057145511488	-0.389516306292057
subsequently	Temporal	Asynchronous	1	1830	19.76	-0.338170670761143
then	Temporal	Asynchronous	0.9218289	1830	1205.86401954797	2.74667249779518
then	Temporal	Synchronous	0.01179941	1830	0.197568763641771	-0.38904903502369
thereafter	Temporal	Asynchronous	1	1830	4.38	-0.378171283819076
till	Temporal	Asynchronous	0.8	1830	257.5616	0.280308509093029
ultimately	Temporal	Asynchronous	0.8611111	1830	9.73605684751235	-0.364241143541206
until	Temporal	Asynchronous	0.8934911	1830	234.236933115078	0.219645246754347
upon	Temporal	Asynchronous	0.1	1830	22.4837	-0.331086817068953
upon	Temporal	Synchronous	0.6	1830	809.4132	1.71557523971727
when	Temporal	Asynchronous	0.1899441	1830	84.4863565011901	-0.169829062110046
when	Temporal	Synchronous	0.07495527	1830	13.1564679149099	-0.355345269704663
while	Temporal	Synchronous	0.3592777	1830	109.957194721273	-0.103583994236005
with	Temporal	Synchronous	0.01683502	1830	2.33974512352857	-0.383477619700304
bythen	Temporal	Asynchronous	0.9285714	1830	0.189693865877551	-0.38906951621604
evenafter	Temporal	Asynchronous	1	1830	5.32	-0.375726512929969
evenas	Temporal	Synchronous	0.4230769	1830	2.85853519111835	-0.382128340067537
evenbefore	Temporal	Asynchronous	1	1830	4.67	-0.377417045991585
eventhen	Temporal	Asynchronous	1	1830	12.25	-0.357702829673047
evenwhen	Temporal	Synchronous	0.142857	1830	0.41387672326572	-0.388486456935636
evenwhen	Temporal	Asynchronous	0.07142857	1830	0.103469383616327	-0.389293770582168
evenwhile	Temporal	Synchronous	1	1830	5.25	-0.375908570336605
lateron	Temporal	Asynchronous	1	1830	0.58	-0.388054400179293
nowthat	Temporal	Asynchronous	0.1190476	1830	0.372165413786858	-0.388594940547509
nowthat	Temporal	Synchronous	0.1904762	1830	0.952743859446714	-0.387084960459433
sincebefore	Temporal	Asynchronous	1	1830	0	-0.389562875834274
aslongas	Temporal	Synchronous	0.3125	1830	2.6064453125	-0.382783980489542
assoonas	Temporal	Synchronous	0.45	1830	21.3111	-0.334136538712108
assoonas	Temporal	Asynchronous	0.55	1830	31.8351	-0.306765508034496
beforeandafter	Temporal	Asynchronous	1	1830	1.75	-0.385011440668384
evenbeforethen	Temporal	Asynchronous	1	1830	0	-0.389562875834274
ifandwhen	Temporal	Synchronous	0.1666667	1830	0	-0.389562875834274
intheend	Temporal	Asynchronous	0.2307692	1830	0.664082663147941	-0.387835716299354
inthemeantime	Temporal	Asynchronous	0.1785714	1830	0.402423340612255	-0.388516245123395
inthemeantime	Temporal	Synchronous	0.7857143	1830	7.79091865065306	-0.369300098050749
inthemeanwhile	Temporal	Synchronous	1	1830	6.35	-0.373047668232331
whenandif	Temporal	Asynchronous	0.5	1830	0	-0.389562875834274
after	Temporal	Asynchronous	0.95	1840	920.198025	2.00370663877551
afterward	Temporal	Asynchronous	1	1840	28.78	-0.314711273506101
afterwards	Temporal	Asynchronous	1	1840	96.29	-0.139129908906556
also	Temporal	Synchronous	5e-04	1840	0.00011343	-0.38956258082325
although	Temporal	Synchronous	0.003	1840	0.00173484	-0.38955836382754
as	Temporal	Synchronous	0.015	1840	1.8506115	-0.384749768257417
as	Temporal	Asynchronous	0.547	1840	2460.97607246	6.01099314622699
before	Temporal	Asynchronous	1	1840	1179.6	2.67836450798477
but	Temporal	Synchronous	2e-04	1840	0.000222878	-0.389562296168692
by	Temporal	Synchronous	0.0023	1840	0.0325534433	-0.389478210184784
earlier	Temporal	Asynchronous	1	1840	27.58	-0.317832257619854
finally	Temporal	Asynchronous	0.422	1840	12.7864312	-0.356307668628612
however	Temporal	Synchronous	0.001	1840	0.00047707	-0.389561635061031
if	Temporal	Synchronous	4e-04	1840	0.0003959456	-0.389561846051001
in	Temporal	Synchronous	0.2375	1840	1058.9478109375	2.36456987019013
later	Temporal	Asynchronous	1	1840	40.3	-0.284749826014074
meantime	Temporal	Synchronous	1	1840	18.47	-0.341525728683428
meanwhile	Temporal	Synchronous	0.71875	1840	19.052265625	-0.34001136054542
next	Temporal	Asynchronous	1	1840	273.87	0.322723723526968
once	Temporal	Asynchronous	0.952381	1840	518.666718533335	0.959395948228103
previously	Temporal	Asynchronous	1	1840	32.96	-0.303839845509862
separately	Temporal	Synchronous	0.01408451	1840	0.00180718187387431	-0.389558175679341
simultaneously	Temporal	Synchronous	1	1840	8.79	-0.366701667201034
since	Temporal	Asynchronous	0.4925	1840	77.49187075	-0.188020461204492
still	Temporal	Asynchronous	0.0103626	1840	0.0795239090305056	-0.38935604845365
still	Temporal	Synchronous	0.005181347	1840	0.0198813379432339	-0.389511168051039
subsequently	Temporal	Asynchronous	1	1840	19.86	-0.337910588751664
then	Temporal	Asynchronous	0.9218289	1840	1304.51364713637	3.00324243157105
then	Temporal	Synchronous	0.01179941	1840	0.213731518845022	-0.389006998605171
thereafter	Temporal	Asynchronous	1	1840	3.54	-0.380355972698703
till	Temporal	Asynchronous	0.8	1840	211.3088	0.160013297412539
ultimately	Temporal	Asynchronous	0.8611111	1840	9.99558616180247	-0.363566154485413
until	Temporal	Asynchronous	0.8934911	1840	248.734539554428	0.257350912908225
upon	Temporal	Asynchronous	0.1	1840	24.4176	-0.326057091087631
upon	Temporal	Synchronous	0.6	1840	879.0336	1.89664537504486
when	Temporal	Asynchronous	0.1899441	1840	83.0421236933639	-0.173585251818201
when	Temporal	Synchronous	0.07495527	1840	12.931567666104	-0.355930194791082
while	Temporal	Synchronous	0.3592777	1840	126.753144920407	-0.0599007494469384
with	Temporal	Synchronous	0.01683502	1840	2.40457129942969	-0.383309018479352
bythen	Temporal	Asynchronous	0.9285714	1840	0.163826520530612	-0.389136792527617
evenafter	Temporal	Asynchronous	1	1840	3.67	-0.380017866086379
evenas	Temporal	Synchronous	0.4230769	1840	5.41278047460357	-0.375485207607216
evenbefore	Temporal	Asynchronous	1	1840	5.06	-0.376402726154616
eventhen	Temporal	Asynchronous	1	1840	11.45	-0.359783485748882
evenwhen	Temporal	Synchronous	0.142857	1840	0.38734616408202	-0.388555458147088
evenwhen	Temporal	Asynchronous	0.07142857	1840	0.0968367308204082	-0.389311020918842
evenwhile	Temporal	Synchronous	1	1840	5.88	-0.374270053676885
lateron	Temporal	Asynchronous	1	1840	0.13	-0.38922476922195
nowthat	Temporal	Asynchronous	0.1190476	1840	0.432114374195022	-0.388439024086618
nowthat	Temporal	Synchronous	0.1904762	1840	1.10621326254876	-0.386685814151909
sincebefore	Temporal	Asynchronous	1	1840	0	-0.389562875834274
aslongas	Temporal	Synchronous	0.3125	1840	2.576171875	-0.38286271625413
assoonas	Temporal	Synchronous	0.45	1840	16.97355	-0.345417725914282
assoonas	Temporal	Asynchronous	0.55	1840	25.35555	-0.323617651879719
beforeandafter	Temporal	Asynchronous	1	1840	1.96	-0.384465268448477
evenbeforethen	Temporal	Asynchronous	1	1840	0	-0.389562875834274
ifandwhen	Temporal	Synchronous	0.1666667	1840	0	-0.389562875834274
intheend	Temporal	Asynchronous	0.2307692	1840	0.737573767810664	-0.387644579157559
inthemeantime	Temporal	Asynchronous	0.1785714	1840	0.300701434387763	-0.388780805501184
inthemeantime	Temporal	Synchronous	0.7857143	1840	5.82158184434694	-0.374421988790008
inthemeanwhile	Temporal	Synchronous	1	1840	4.68	-0.377391037790637
whenandif	Temporal	Asynchronous	0.5	1840	0	-0.389562875834274
after	Temporal	Asynchronous	0.95	1850	990.917925	2.18763637579733
afterward	Temporal	Asynchronous	1	1850	37.37	-0.292370228891821
afterwards	Temporal	Asynchronous	1	1850	92.04	-0.150183394309431
also	Temporal	Synchronous	5e-04	1850	0.0001099425	-0.38956258989361
although	Temporal	Synchronous	0.003	1850	0.00153756	-0.389558876917329
as	Temporal	Synchronous	0.015	1850	1.85204475	-0.384746040632016
as	Temporal	Asynchronous	0.547	1850	2462.88203379	6.01595020875395
before	Temporal	Asynchronous	1	1850	1195.03	2.71849516204744
but	Temporal	Synchronous	2e-04	1850	0.000228534	-0.389562281458454
by	Temporal	Synchronous	0.0023	1850	0.0305323459	-0.389483466695516
earlier	Temporal	Asynchronous	1	1850	32.78	-0.304307993126925
finally	Temporal	Asynchronous	0.422	1850	15.45412952	-0.349369465231108
however	Temporal	Synchronous	0.001	1850	0.00047188	-0.389561648559287
if	Temporal	Synchronous	4e-04	1850	0.0004198832	-0.38956178379361
in	Temporal	Synchronous	0.2375	1850	1041.24358125	2.31852435385603
later	Temporal	Asynchronous	1	1850	57.03	-0.24123810582817
meantime	Temporal	Synchronous	1	1850	26.43	-0.320823200728867
meanwhile	Temporal	Synchronous	0.71875	1850	21.960732421875	-0.332446961655066
next	Temporal	Asynchronous	1	1850	297.9	0.385221430404868
once	Temporal	Asynchronous	0.952381	1850	500.244947983675	0.911484237200862
previously	Temporal	Asynchronous	1	1850	33.68	-0.301967255041611
separately	Temporal	Synchronous	0.01408451	1850	0.00184685655826233	-0.389558072492625
simultaneously	Temporal	Synchronous	1	1850	7.62	-0.369744626711943
since	Temporal	Asynchronous	0.4925	1850	81.52800675	-0.17752319759037
still	Temporal	Asynchronous	0.0103626	1850	0.0785177258345244	-0.389358665355126
still	Temporal	Synchronous	0.005181347	1850	0.0196297875806325	-0.389511822288277
subsequently	Temporal	Asynchronous	1	1850	21.95	-0.332474874753545
then	Temporal	Asynchronous	0.9218289	1850	1311.65170271172	3.02180722994918
then	Temporal	Synchronous	0.01179941	1850	0.214901017886346	-0.389003956948563
thereafter	Temporal	Asynchronous	1	1850	5.68	-0.374790217695843
till	Temporal	Asynchronous	0.8	1850	209.1136	0.154303977140448
ultimately	Temporal	Asynchronous	0.8611111	1850	10.536890160179	-0.362158320169042
until	Temporal	Asynchronous	0.8934911	1850	274.512497259639	0.324394743310687
upon	Temporal	Asynchronous	0.1	1850	21.6558	-0.333240036025433
upon	Temporal	Synchronous	0.6	1850	779.6088	1.63805935728399
when	Temporal	Asynchronous	0.1899441	1850	90.0637721834745	-0.155323207326542
when	Temporal	Synchronous	0.07495527	1850	14.0249997526044	-0.353086374648219
while	Temporal	Synchronous	0.3592777	1850	122.804573474115	-0.0701702734101843
with	Temporal	Synchronous	0.01683502	1850	2.32081847627339	-0.383526844504812
bythen	Temporal	Asynchronous	0.9285714	1850	0.103469381387755	-0.389293770587964
evenafter	Temporal	Asynchronous	1	1850	4.9	-0.376818857369783
evenas	Temporal	Synchronous	0.4230769	1850	3.76603509211835	-0.379768096088993
evenbefore	Temporal	Asynchronous	1	1850	5.08	-0.37635070975272
eventhen	Temporal	Asynchronous	1	1850	12.64	-0.356688509836077
evenwhen	Temporal	Synchronous	0.142857	1850	0.41591753551062	-0.38848114915014
evenwhen	Temporal	Asynchronous	0.07142857	1850	0.103979587677551	-0.389292443633193
evenwhile	Temporal	Synchronous	1	1850	7.26	-0.370680921946069
lateron	Temporal	Asynchronous	1	1850	0	-0.389562875834274
nowthat	Temporal	Asynchronous	0.1190476	1850	0.493622291020421	-0.388279053060549
nowthat	Temporal	Synchronous	0.1904762	1850	1.26367359575511	-0.386276288153173
sincebefore	Temporal	Asynchronous	1	1850	0	-0.389562875834274
aslongas	Temporal	Synchronous	0.3125	1850	2.78125	-0.382329344945628
assoonas	Temporal	Synchronous	0.45	1850	18.0873	-0.342521062533705
assoonas	Temporal	Asynchronous	0.55	1850	27.0193	-0.319290537447005
beforeandafter	Temporal	Asynchronous	1	1850	2.18	-0.383893088027623
evenbeforethen	Temporal	Asynchronous	1	1850	0	-0.389562875834274
ifandwhen	Temporal	Synchronous	0.1666667	1850	0	-0.389562875834274
intheend	Temporal	Asynchronous	0.2307692	1850	0.860058942248536	-0.387326017254566
inthemeantime	Temporal	Asynchronous	0.1785714	1850	0.379783041734704	-0.388575128467668
inthemeantime	Temporal	Synchronous	0.7857143	1850	7.35260230818368	-0.37044008000212
inthemeanwhile	Temporal	Synchronous	1	1850	2.12	-0.38404913723331
whenandif	Temporal	Asynchronous	0.5	1850	0	-0.389562875834274
after	Temporal	Asynchronous	0.95	1860	991.351125	2.1887630510624
afterward	Temporal	Asynchronous	1	1860	42.39	-0.279314112015955
afterwards	Temporal	Asynchronous	1	1860	103.74	-0.119753799200341
also	Temporal	Synchronous	5e-04	1860	0.0001053775	-0.389562601766354
although	Temporal	Synchronous	0.003	1860	0.00135612	-0.389559348810127
as	Temporal	Synchronous	0.015	1860	1.83923775	-0.38477934933497
as	Temporal	Asynchronous	0.547	1860	2445.85105751	5.97165570341097
before	Temporal	Asynchronous	1	1860	1208.57	2.75371026613095
but	Temporal	Synchronous	2e-04	1860	0.0002256492	-0.3895622889613
by	Temporal	Synchronous	0.0023	1860	0.0288010347	-0.389487969524475
earlier	Temporal	Asynchronous	1	1860	34.72	-0.299262402143025
finally	Temporal	Asynchronous	0.422	1860	17.39168344	-0.344330236061225
however	Temporal	Synchronous	0.001	1860	0.00041159	-0.389561805362731
if	Temporal	Synchronous	4e-04	1860	0.0004358192	-0.389561742346941
in	Temporal	Synchronous	0.2375	1860	1011.5124109375	2.24119892866553
later	Temporal	Asynchronous	1	1860	88.03	-0.160612682889555
meantime	Temporal	Synchronous	1	1860	22.32	-0.331512571318471
meanwhile	Temporal	Synchronous	0.71875	1860	19.976982421875	-0.337606338518114
next	Temporal	Asynchronous	1	1860	316.18	0.432764421737703
once	Temporal	Asynchronous	0.952381	1860	551.020463265308	1.04354221766885
previously	Temporal	Asynchronous	1	1860	29.34	-0.313254814253017
separately	Temporal	Synchronous	0.01408451	1860	0.00164054819944463	-0.38955860906355
simultaneously	Temporal	Synchronous	1	1860	8.56	-0.367299855822837
since	Temporal	Asynchronous	0.4925	1860	88.605798125	-0.15911513555551
still	Temporal	Asynchronous	0.0103626	1860	0.0775169118124812	-0.389361268292345
still	Temporal	Synchronous	0.005181347	1860	0.0193795795358678	-0.389512473034388
subsequently	Temporal	Asynchronous	1	1860	18.95	-0.340277335037927
then	Temporal	Asynchronous	0.9218289	1860	1322.63071200143	3.05036165793078
then	Temporal	Synchronous	0.01179941	1860	0.216699818792764	-0.388999278591019
thereafter	Temporal	Asynchronous	1	1860	6.67	-0.372215405801997
till	Temporal	Asynchronous	0.8	1860	237.8368	0.229007852887235
ultimately	Temporal	Asynchronous	0.8611111	1860	8.53480687851235	-0.367365378599452
until	Temporal	Asynchronous	0.8934911	1860	282.208363232951	0.344410306180918
upon	Temporal	Asynchronous	0.1	1860	18.7842	-0.340708551009644
upon	Temporal	Synchronous	0.6	1860	676.2312	1.36919281785241
when	Temporal	Asynchronous	0.1899441	1860	88.3918823929508	-0.159671491890017
when	Temporal	Synchronous	0.07495527	1860	13.7646480781186	-0.353763502514935
while	Temporal	Synchronous	0.3592777	1860	114.442740904949	-0.0919178955853746
with	Temporal	Synchronous	0.01683502	1860	2.1912624865566	-0.383863796326269
bythen	Temporal	Asynchronous	0.9285714	1860	0.258673453469388	-0.388890112718501
evenafter	Temporal	Asynchronous	1	1860	5.61	-0.374972275102479
evenas	Temporal	Synchronous	0.4230769	1860	2.88538430061539	-0.38205851036403
evenbefore	Temporal	Asynchronous	1	1860	4.25	-0.378509390431399
eventhen	Temporal	Asynchronous	1	1860	12.52	-0.357000608247452
evenwhen	Temporal	Synchronous	0.142857	1860	0.35183603102076	-0.388647813614722
evenwhen	Temporal	Asynchronous	0.07142857	1860	0.0879591801551021	-0.389334109831005
evenwhile	Temporal	Synchronous	1	1860	7.14	-0.370993020357444
lateron	Temporal	Asynchronous	1	1860	0.24	-0.388938679011523
nowthat	Temporal	Asynchronous	0.1190476	1860	0.551445401768722	-0.388128665552172
nowthat	Temporal	Synchronous	0.1904762	1860	1.41170082144218	-0.38589129597003
sincebefore	Temporal	Asynchronous	1	1860	0.06	-0.389406826628586
aslongas	Temporal	Synchronous	0.3125	1860	3.5341796875	-0.380371110284411
assoonas	Temporal	Synchronous	0.45	1860	18.0549	-0.342605329104777
assoonas	Temporal	Asynchronous	0.55	1860	26.9709	-0.319416417139593
beforeandafter	Temporal	Asynchronous	1	1860	1.95	-0.384491276649425
evenbeforethen	Temporal	Asynchronous	1	1860	0	-0.389562875834274
ifandwhen	Temporal	Synchronous	0.1666667	1860	0	-0.389562875834274
intheend	Temporal	Asynchronous	0.2307692	1860	0.745029387124274	-0.387625188433029
inthemeantime	Temporal	Asynchronous	0.1785714	1860	0.259885120918374	-0.388886961389451
inthemeantime	Temporal	Synchronous	0.7857143	1860	5.03137773397959	-0.37647716751924
inthemeanwhile	Temporal	Synchronous	1	1860	1.83	-0.3848033750608
whenandif	Temporal	Asynchronous	0.5	1860	0	-0.389562875834274
after	Temporal	Asynchronous	0.95	1870	1086.113625	2.43522326529532
afterward	Temporal	Asynchronous	1	1870	57.11	-0.241030040220586
afterwards	Temporal	Asynchronous	1	1870	82.71	-0.174449045793859
also	Temporal	Synchronous	5e-04	1870	0.000117585	-0.389562570016843
although	Temporal	Synchronous	0.003	1870	0.00156492	-0.389558805758891
as	Temporal	Synchronous	0.015	1870	1.849941	-0.38475151210729
as	Temporal	Asynchronous	0.547	1870	2460.08442964	6.00867414366335
before	Temporal	Asynchronous	1	1870	1228.63	2.80588271723252
but	Temporal	Synchronous	2e-04	1870	0.000234942	-0.389562264792399
by	Temporal	Synchronous	0.0023	1870	0.026517183	-0.38949390941187
earlier	Temporal	Asynchronous	1	1870	35.66	-0.296817631253918
finally	Temporal	Asynchronous	0.422	1870	21.79035824	-0.332890074250921
however	Temporal	Synchronous	0.001	1870	0.0004077	-0.389561815479921
if	Temporal	Synchronous	4e-04	1870	0.000452192	-0.389561699764233
in	Temporal	Synchronous	0.2375	1870	1012.5074171875	2.24378676091498
later	Temporal	Asynchronous	1	1870	123.64	-0.0679974793139396
meantime	Temporal	Synchronous	1	1870	30.66	-0.309821731727889
meanwhile	Temporal	Synchronous	0.71875	1870	23.644853515625	-0.328066865672375
next	Temporal	Asynchronous	1	1870	371.4	0.576381707372229
once	Temporal	Asynchronous	0.952381	1870	594.421828149661	1.15642135960157
previously	Temporal	Asynchronous	1	1870	26.35	-0.321031266336451
separately	Temporal	Synchronous	0.01408451	1870	0.0013945651562389	-0.389559248821192
simultaneously	Temporal	Synchronous	1	1870	8.41	-0.367689978837056
since	Temporal	Asynchronous	0.4925	1870	89.9180274375	-0.155702263190583
still	Temporal	Asynchronous	0.0103626	1870	0.0739453373089236	-0.389370557315084
still	Temporal	Synchronous	0.005181347	1870	0.0184866697108814	-0.389514795332204
subsequently	Temporal	Asynchronous	1	1870	20.17	-0.337104334522278
then	Temporal	Asynchronous	0.9218289	1870	1521.11114542225	3.56657355759509
then	Temporal	Synchronous	0.01179941	1870	0.249218853445389	-0.388914702432231
thereafter	Temporal	Asynchronous	1	1870	8.52	-0.367403888626628
till	Temporal	Asynchronous	0.8	1870	190.7904	0.106648630379518
ultimately	Temporal	Asynchronous	0.8611111	1870	8.88331767198765	-0.366458964724529
until	Temporal	Asynchronous	0.8934911	1870	327.002454494622	0.460911678862311
upon	Temporal	Asynchronous	0.1	1870	18.3613	-0.341808437827732
upon	Temporal	Synchronous	0.6	1870	661.0068	1.32959689240123
when	Temporal	Asynchronous	0.1899441	1870	88.2973560388038	-0.15991733793137
when	Temporal	Synchronous	0.07495527	1870	13.7499281517666	-0.353801786395185
while	Temporal	Synchronous	0.3592777	1870	110.341854509111	-0.102583563330138
with	Temporal	Synchronous	0.01683502	1870	2.19925487129149	-0.383843009571445
bythen	Temporal	Asynchronous	0.9285714	1870	0.043112242244898	-0.389450748648311
evenafter	Temporal	Asynchronous	1	1870	7.29	-0.370602897343225
evenas	Temporal	Synchronous	0.4230769	1870	2.81915649718936	-0.382230756966014
evenbefore	Temporal	Asynchronous	1	1870	5.27	-0.375856553934709
eventhen	Temporal	Asynchronous	1	1870	12.77	-0.356350403223754
evenwhen	Temporal	Synchronous	0.142857	1870	0.4204073224494	-0.388469472022049
evenwhen	Temporal	Asynchronous	0.07142857	1870	0.105102036612245	-0.389289524345449
evenwhile	Temporal	Synchronous	1	1870	5.27	-0.375856553934709
lateron	Temporal	Asynchronous	1	1870	2.13	-0.384023129032362
nowthat	Temporal	Asynchronous	0.1190476	1870	0.716553058684826	-0.38769925024026
nowthat	Temporal	Synchronous	0.1904762	1870	1.83437660067121	-0.384791992309828
sincebefore	Temporal	Asynchronous	1	1870	0.27	-0.388860654408679
aslongas	Temporal	Synchronous	0.3125	1870	4.0078125	-0.379139276548107
assoonas	Temporal	Synchronous	0.45	1870	19.810575	-0.338039134284849
assoonas	Temporal	Asynchronous	0.55	1870	29.593575	-0.312595311297479
beforeandafter	Temporal	Asynchronous	1	1870	1.28	-0.386233826112937
evenbeforethen	Temporal	Asynchronous	1	1870	0	-0.389562875834274
ifandwhen	Temporal	Synchronous	0.1666667	1870	0	-0.389562875834274
intheend	Temporal	Asynchronous	0.2307692	1870	0.858993853775163	-0.387328787358071
inthemeantime	Temporal	Asynchronous	0.1785714	1870	0.354591723265315	-0.388640646554957
inthemeantime	Temporal	Synchronous	0.7857143	1870	6.86489820881633	-0.371708510624069
inthemeanwhile	Temporal	Synchronous	1	1870	1.65	-0.385271522677863
whenandif	Temporal	Asynchronous	0.5	1870	0	-0.389562875834274
after	Temporal	Asynchronous	0.95	1880	1034.0845	2.29990487148076
afterward	Temporal	Asynchronous	1	1880	63.29	-0.224956972034759
afterwards	Temporal	Asynchronous	1	1880	68.67	-0.210964559924767
also	Temporal	Synchronous	5e-04	1880	0.000117855	-0.389562569314621
although	Temporal	Synchronous	0.003	1880	0.00142128	-0.389559179340689
as	Temporal	Synchronous	0.015	1880	1.822878	-0.384821898101516
as	Temporal	Asynchronous	0.547	1880	2424.09557112	5.91507359723584
before	Temporal	Asynchronous	1	1880	1196.58	2.72252643319437
but	Temporal	Synchronous	2e-04	1880	0.0002334992	-0.389562268544862
by	Temporal	Synchronous	0.0023	1880	0.026046902	-0.389495132528145
earlier	Temporal	Asynchronous	1	1880	42.81	-0.278221767576141
finally	Temporal	Asynchronous	0.422	1880	20.50815344	-0.336224858260402
however	Temporal	Synchronous	0.001	1880	0.00037325	-0.389561905078173
if	Temporal	Synchronous	4e-04	1880	0.0004539872	-0.389561695095241
in	Temporal	Synchronous	0.2375	1880	1014.5741421875	2.24916194082539
later	Temporal	Asynchronous	1	1880	162.11	0.0320560697327869
meantime	Temporal	Synchronous	1	1880	26.06	-0.321785504163941
meanwhile	Temporal	Synchronous	0.71875	1880	17.96740234375	-0.342832894767399
next	Temporal	Asynchronous	1	1880	342.15	0.500307719599504
once	Temporal	Asynchronous	0.952381	1880	559.800509494786	1.0663775383357
previously	Temporal	Asynchronous	1	1880	20.73	-0.335647875269193
separately	Temporal	Synchronous	0.01408451	1880	0.00133505312965687	-0.389559403601266
simultaneously	Temporal	Synchronous	1	1880	7.57	-0.369874667716683
since	Temporal	Asynchronous	0.4925	1880	91.3297048125	-0.152030744306316
still	Temporal	Asynchronous	0.0103626	1880	0.0740172842396928	-0.389370370194061
still	Temporal	Synchronous	0.005181347	1880	0.0185046567698934	-0.389514748551099
subsequently	Temporal	Asynchronous	1	1880	15.9	-0.348209836327048
then	Temporal	Asynchronous	0.9218289	1880	1426.38744840029	3.32021426292719
then	Temporal	Synchronous	0.01179941	1880	0.233699322714867	-0.388955065939617
thereafter	Temporal	Asynchronous	1	1880	8.37	-0.367794011640847
till	Temporal	Asynchronous	0.8	1880	185.4592	0.0927831382901516
ultimately	Temporal	Asynchronous	0.8611111	1880	8.16405071524074	-0.368329648679158
until	Temporal	Asynchronous	0.8934911	1880	349.331642386067	0.518985879430811
upon	Temporal	Asynchronous	0.1	1880	17.247	-0.344706531659361
upon	Temporal	Synchronous	0.6	1880	620.892	1.22526551446258
when	Temporal	Asynchronous	0.1899441	1880	90.3444649450255	-0.154593175951836
when	Temporal	Synchronous	0.07495527	1880	14.0687100682604	-0.352972691980911
while	Temporal	Synchronous	0.3592777	1880	109.376332625546	-0.105094712046878
with	Temporal	Synchronous	0.01683502	1880	2.13262615755654	-0.384016298869017
bythen	Temporal	Asynchronous	0.9285714	1880	0.258673453469388	-0.388890112718501
evenafter	Temporal	Asynchronous	1	1880	6.48	-0.372709561620008
evenas	Temporal	Synchronous	0.4230769	1880	3.25590201167457	-0.38109486045563
evenbefore	Temporal	Asynchronous	1	1880	5.88	-0.374270053676885
eventhen	Temporal	Asynchronous	1	1880	12.11	-0.358066944486318
evenwhen	Temporal	Synchronous	0.142857	1880	0.45367256204127	-0.38838295511846
evenwhen	Temporal	Asynchronous	0.07142857	1880	0.113418362810204	-0.389267895077158
evenwhile	Temporal	Synchronous	1	1880	5.68	-0.374790217695843
lateron	Temporal	Asynchronous	1	1880	5.78	-0.374530135686364
nowthat	Temporal	Asynchronous	0.1190476	1880	0.716836505306141	-0.387698513046591
nowthat	Temporal	Synchronous	0.1904762	1880	1.83510222432654	-0.384790105093244
sincebefore	Temporal	Asynchronous	1	1880	0.05	-0.389432834829534
aslongas	Temporal	Synchronous	0.3125	1880	3.5673828125	-0.380284754929701
assoonas	Temporal	Synchronous	0.45	1880	19.9098	-0.337781067910943
assoonas	Temporal	Asynchronous	0.55	1880	29.7418	-0.312209804738928
beforeandafter	Temporal	Asynchronous	1	1880	1.54	-0.385557612888291
evenbeforethen	Temporal	Asynchronous	1	1880	0.05	-0.389432834829534
ifandwhen	Temporal	Synchronous	0.1666667	1880	0	-0.389562875834274
intheend	Temporal	Asynchronous	0.2307692	1880	0.88615360984617	-0.387258149718711
inthemeantime	Temporal	Asynchronous	0.1785714	1880	0.327487140102049	-0.38871114069951
inthemeantime	Temporal	Synchronous	0.7857143	1880	6.34015329177551	-0.373073277748949
inthemeanwhile	Temporal	Synchronous	1	1880	1.3	-0.386181809711041
whenandif	Temporal	Asynchronous	0.5	1880	0	-0.389562875834274
after	Temporal	Asynchronous	0.95	1890	1053.34385	2.34999497597344
afterward	Temporal	Asynchronous	1	1890	59.77	-0.234111858768434
afterwards	Temporal	Asynchronous	1	1890	64.52	-0.221757963318163
also	Temporal	Synchronous	5e-04	1890	0.000125105	-0.389562550458676
although	Temporal	Synchronous	0.003	1890	0.00151389	-0.38955893847874
as	Temporal	Synchronous	0.015	1890	1.78418025	-0.384922543987339
as	Temporal	Asynchronous	0.547	1890	2372.63461521	5.7812329090078
before	Temporal	Asynchronous	1	1890	1228.73	2.806142799242
but	Temporal	Synchronous	2e-04	1890	0.000227274	-0.389562284735487
by	Temporal	Synchronous	0.0023	1890	0.026043199	-0.389495142158982
earlier	Temporal	Asynchronous	1	1890	57.03	-0.24123810582817
finally	Temporal	Asynchronous	0.422	1890	23.43407356	-0.328615066416544
however	Temporal	Synchronous	0.001	1890	0.00037495	-0.389561900656779
if	Temporal	Synchronous	4e-04	1890	0.0004061264	-0.389561819572571
in	Temporal	Synchronous	0.2375	1890	1047.167365625	2.33393105129575
later	Temporal	Asynchronous	1	1890	232.15	0.214217509172161
meantime	Temporal	Synchronous	1	1890	27.46	-0.318144356031229
meanwhile	Temporal	Synchronous	0.71875	1890	24.760712890625	-0.32516471618691
next	Temporal	Asynchronous	1	1890	358.16	0.541946849317157
once	Temporal	Asynchronous	0.952381	1890	545.278966092518	1.02860961644766
previously	Temporal	Asynchronous	1	1890	19.44	-0.339002933191478
separately	Temporal	Synchronous	0.01408451	1890	0.00155326389379098	-0.389558836074326
simultaneously	Temporal	Synchronous	1	1890	8.27	-0.368054093650327
since	Temporal	Asynchronous	0.4925	1890	85.8042734375	-0.166401397258822
still	Temporal	Asynchronous	0.0103626	1890	0.0774245620207476	-0.389361508477539
still	Temporal	Synchronous	0.005181347	1890	0.0193564916690762	-0.389512533081776
subsequently	Temporal	Asynchronous	1	1890	15.23	-0.34995238579056
then	Temporal	Asynchronous	0.9218289	1890	1504.03079815266	3.52215064719027
then	Temporal	Synchronous	0.01179941	1890	0.246420409310793	-0.388921980681971
thereafter	Temporal	Asynchronous	1	1890	11.46	-0.359757477547934
till	Temporal	Asynchronous	0.8	1890	183.3536	0.0873068514985534
ultimately	Temporal	Asynchronous	0.8611111	1890	8.6386186042284	-0.367095382977135
until	Temporal	Asynchronous	0.8934911	1890	354.592613004752	0.532668717534008
upon	Temporal	Asynchronous	0.1	1890	15.6207	-0.348936245379524
upon	Temporal	Synchronous	0.6	1890	562.3452	1.07299582053669
when	Temporal	Asynchronous	0.1899441	1890	92.477080515113	-0.149046626522682
when	Temporal	Synchronous	0.07495527	1890	14.4008073379811	-0.352108966728395
while	Temporal	Synchronous	0.3592777	1890	113.416551202497	-0.0945868303845836
with	Temporal	Synchronous	0.01683502	1890	2.1404116472256	-0.383996050211038
bythen	Temporal	Asynchronous	0.9285714	1890	0.336275489510204	-0.388688283783769
evenafter	Temporal	Asynchronous	1	1890	6.66	-0.372241414002945
evenas	Temporal	Synchronous	0.4230769	1890	3.80362384541421	-0.379670334504082
evenbefore	Temporal	Asynchronous	1	1890	5.73	-0.374660176691104
eventhen	Temporal	Asynchronous	1	1890	13.41	-0.354685878363086
evenwhen	Temporal	Synchronous	0.142857	1890	0.42550935306165	-0.388456202558308
evenwhen	Temporal	Asynchronous	0.07142857	1890	0.106377546765306	-0.389286206973011
evenwhile	Temporal	Synchronous	1	1890	7.39	-0.370342815333746
lateron	Temporal	Asynchronous	1	1890	11.9	-0.358613116706225
nowthat	Temporal	Asynchronous	0.1190476	1890	0.808248040680293	-0.387460768088494
nowthat	Temporal	Synchronous	0.1904762	1890	2.06911585317007	-0.384181477744892
sincebefore	Temporal	Asynchronous	1	1890	0.24	-0.388938679011523
aslongas	Temporal	Synchronous	0.3125	1890	3.86328125	-0.379515176327433
assoonas	Temporal	Synchronous	0.45	1890	21.58245	-0.333430806179386
assoonas	Temporal	Asynchronous	0.55	1890	32.24045	-0.305711265609071
beforeandafter	Temporal	Asynchronous	1	1890	1.62	-0.385349547280707
evenbeforethen	Temporal	Asynchronous	1	1890	0	-0.389562875834274
ifandwhen	Temporal	Synchronous	0.1666667	1890	0.0013888894444445	-0.389559263582697
intheend	Temporal	Asynchronous	0.2307692	1890	0.896804494579898	-0.387230448683669
inthemeantime	Temporal	Asynchronous	0.1785714	1890	0.451211590306134	-0.388389355663201
inthemeantime	Temporal	Synchronous	0.7857143	1890	8.73545950132653	-0.366843517225964
inthemeanwhile	Temporal	Synchronous	1	1890	2.4	-0.383320907606768
whenandif	Temporal	Asynchronous	0.5	1890	0	-0.389562875834274
after	Temporal	Asynchronous	0.95	1900	1034.2289	2.30028042990245
afterward	Temporal	Asynchronous	1	1900	52.69	-0.252525665039576
afterwards	Temporal	Asynchronous	1	1900	48.28	-0.263995281657618
also	Temporal	Synchronous	5e-04	1900	0.0001379275	-0.38956251710966
although	Temporal	Synchronous	0.003	1900	0.00160938	-0.389558690126429
as	Temporal	Synchronous	0.015	1900	1.69521525	-0.385153925947072
as	Temporal	Asynchronous	0.547	1900	2254.32737661	5.47353706549733
before	Temporal	Asynchronous	1	1900	1204.52	2.74317694474703
but	Temporal	Synchronous	2e-04	1900	0.0002215236	-0.389562299691243
by	Temporal	Synchronous	0.0023	1900	0.024710119	-0.389498609260234
earlier	Temporal	Asynchronous	1	1900	56.29	-0.243162712698318
finally	Temporal	Asynchronous	0.422	1900	26.31013016	-0.321134960617499
however	Temporal	Synchronous	0.001	1900	0.00037876	-0.389561890747654
if	Temporal	Synchronous	4e-04	1900	0.0004265424	-0.389561766474228
in	Temporal	Synchronous	0.2375	1900	1015.798721875	2.25234685228432
later	Temporal	Asynchronous	1	1900	278.33	0.334323381149749
meantime	Temporal	Synchronous	1	1900	27.8	-0.317260077199
meanwhile	Temporal	Synchronous	0.71875	1900	20.94302734375	-0.335093829472828
next	Temporal	Asynchronous	1	1900	341.13	0.497654883102814
once	Temporal	Asynchronous	0.952381	1900	542.594158567802	1.02162691508672
previously	Temporal	Asynchronous	1	1900	21.25	-0.3342954488199
separately	Temporal	Synchronous	0.01408451	1900	0.00140845129577471	-0.389559212705841
simultaneously	Temporal	Synchronous	1	1900	7.87	-0.369094421688245
since	Temporal	Asynchronous	0.4925	1900	96.7920715625	-0.137824111097782
still	Temporal	Asynchronous	0.0103626	1900	0.0730379469134016	-0.389372917274259
still	Temporal	Synchronous	0.005181347	1900	0.0182598179964756	-0.389515385332701
subsequently	Temporal	Asynchronous	1	1900	10.65	-0.361864141824717
then	Temporal	Asynchronous	0.9218289	1900	1558.57743950764	3.66401664812983
then	Temporal	Synchronous	0.01179941	1900	0.255357331151577	-0.388898737356062
thereafter	Temporal	Asynchronous	1	1900	12.15	-0.357962911682526
till	Temporal	Asynchronous	0.8	1900	136.3136	-0.0350357257605579
ultimately	Temporal	Asynchronous	0.8611111	1900	9.61741487526543	-0.364549709966712
until	Temporal	Asynchronous	0.8934911	1900	392.417315267771	0.631043963259269
upon	Temporal	Asynchronous	0.1	1900	14.4381	-0.352011975223628
upon	Temporal	Synchronous	0.6	1900	519.7716	0.962269546148971
when	Temporal	Asynchronous	0.1899441	1900	96.1740711675723	-0.1394314189435
when	Temporal	Synchronous	0.07495527	1900	14.9765137705353	-0.350611657869906
while	Temporal	Synchronous	0.3592777	1900	105.614927854544	-0.114877449159954
with	Temporal	Synchronous	0.01683502	1900	2.07830061479115	-0.384157589832302
bythen	Temporal	Asynchronous	0.9285714	1900	0.784642808857144	-0.387522161049762
evenafter	Temporal	Asynchronous	1	1900	6.51	-0.372631537017164
evenas	Temporal	Synchronous	0.4230769	1900	3.67295817919528	-0.380010172394484
evenbefore	Temporal	Asynchronous	1	1900	6.14	-0.373593840452238
eventhen	Temporal	Asynchronous	1	1900	13.97	-0.353229419110001
evenwhen	Temporal	Synchronous	0.142857	1900	0.50510103061275	-0.388249198923955
evenwhen	Temporal	Asynchronous	0.07142857	1900	0.126275505153061	-0.389234455962991
evenwhile	Temporal	Synchronous	1	1900	6.37	-0.372995651830436
lateron	Temporal	Asynchronous	1	1900	11.24	-0.360329657968789
nowthat	Temporal	Asynchronous	0.1190476	1900	0.789965733605462	-0.387508317080114
nowthat	Temporal	Synchronous	0.1904762	1900	2.02231312740137	-0.384303203214562
sincebefore	Temporal	Asynchronous	1	1900	0.32	-0.388730613403939
aslongas	Temporal	Synchronous	0.3125	1900	3.71875	-0.379891076106758
assoonas	Temporal	Synchronous	0.45	1900	18.668475	-0.341009530915114
assoonas	Temporal	Asynchronous	0.55	1900	27.887475	-0.317032570461207
beforeandafter	Temporal	Asynchronous	1	1900	1.91	-0.384595309453217
evenbeforethen	Temporal	Asynchronous	1	1900	0	-0.389562875834274
ifandwhen	Temporal	Synchronous	0.1666667	1900	0	-0.389562875834274
intheend	Temporal	Asynchronous	0.2307692	1900	1.37130140946748	-0.385996367572511
inthemeantime	Temporal	Asynchronous	0.1785714	1900	0.526785545714299	-0.388192801401333
inthemeantime	Temporal	Synchronous	0.7857143	1900	10.1985717994286	-0.36303822536012
inthemeanwhile	Temporal	Synchronous	1	1900	1.73	-0.38506345707028
whenandif	Temporal	Asynchronous	0.5	1900	0	-0.389562875834274
after	Temporal	Asynchronous	0.95	1910	1099.967	2.47125340137603
afterward	Temporal	Asynchronous	1	1910	42.16	-0.279912300637757
afterwards	Temporal	Asynchronous	1	1910	36.66	-0.294216811159124
also	Temporal	Synchronous	5e-04	1910	0.0001204275	-0.389562562624012
although	Temporal	Synchronous	0.003	1910	0.00146277	-0.389559071432663
as	Temporal	Synchronous	0.015	1910	1.69741125	-0.385148214546144
as	Temporal	Asynchronous	0.547	1910	2257.24765645	5.48113218798762
before	Temporal	Asynchronous	1	1910	1168.93	2.65061375757331
but	Temporal	Synchronous	2e-04	1910	0.000217408	-0.389562310395178
by	Temporal	Synchronous	0.0023	1910	0.0234457561	-0.389501897640671
earlier	Temporal	Asynchronous	1	1910	56.49	-0.242642548679359
finally	Temporal	Asynchronous	0.422	1910	27.09369976	-0.319097037056149
however	Temporal	Synchronous	0.001	1910	0.00035844	-0.389561943596319
if	Temporal	Synchronous	4e-04	1910	0.0004448864	-0.389561718764785
in	Temporal	Synchronous	0.2375	1910	1006.65526875	2.22856637566101
later	Temporal	Asynchronous	1	1910	301.65	0.394974505760346
meantime	Temporal	Synchronous	1	1910	25.62	-0.32292986500565
meanwhile	Temporal	Synchronous	0.71875	1910	19.49654296875	-0.338855875102133
next	Temporal	Asynchronous	1	1910	350.04	0.520828190147429
once	Temporal	Asynchronous	0.952381	1910	515.918418938777	0.952248115416063
previously	Temporal	Asynchronous	1	1910	20.3	-0.336766227909955
separately	Temporal	Synchronous	0.01408451	1910	0.00124578508978383	-0.389559635771378
simultaneously	Temporal	Synchronous	1	1910	10.34	-0.362670396054103
since	Temporal	Asynchronous	0.4925	1910	92.20048175	-0.149766010149183
still	Temporal	Asynchronous	0.0103626	1910	0.0745445371204044	-0.389368998904174
still	Temporal	Synchronous	0.005181347	1910	0.0186364723814594	-0.389514405722408
subsequently	Temporal	Asynchronous	1	1910	9.39	-0.365141175144158
then	Temporal	Asynchronous	0.9218289	1910	1511.32181206177	3.5411132626765
then	Temporal	Synchronous	0.01179941	1910	0.247614969045859	-0.388918873847007
thereafter	Temporal	Asynchronous	1	1910	12.9	-0.356012296611431
till	Temporal	Asynchronous	0.8	1910	113.3824	-0.0946756515182988
ultimately	Temporal	Asynchronous	0.8611111	1910	11.3006478565185	-0.360171923804849
until	Temporal	Asynchronous	0.8934911	1910	413.381365107933	0.685567685351826
upon	Temporal	Asynchronous	0.1	1910	12.0434	-0.358240159104631
upon	Temporal	Synchronous	0.6	1910	433.5624	0.738054926432854
when	Temporal	Asynchronous	0.1899441	1910	94.3795135892242	-0.144098740354533
when	Temporal	Synchronous	0.07495527	1910	14.6970599015469	-0.351338467107939
while	Temporal	Synchronous	0.3592777	1910	102.25625413658	-0.123612755257491
with	Temporal	Synchronous	0.01683502	1910	2.00979000621082	-0.384335773599804
bythen	Temporal	Asynchronous	0.9285714	1910	1.75035703514286	-0.38501051208421
evenafter	Temporal	Asynchronous	1	1910	8.01	-0.368730306874973
evenas	Temporal	Synchronous	0.4230769	1910	4.53928944563315	-0.377757000627984
evenbefore	Temporal	Asynchronous	1	1910	6.84	-0.371773266385882
eventhen	Temporal	Asynchronous	1	1910	12.55	-0.356922583644608
evenwhen	Temporal	Synchronous	0.142857	1910	0.52122344734746	-0.388207267418534
evenwhen	Temporal	Asynchronous	0.07142857	1910	0.130306117236735	-0.38922397306609
evenwhile	Temporal	Synchronous	1	1910	6.19	-0.373463799447498
lateron	Temporal	Asynchronous	1	1910	15.06	-0.350394525206675
nowthat	Temporal	Asynchronous	0.1190476	1910	0.907312634829955	-0.387203118901347
nowthat	Temporal	Synchronous	0.1904762	1910	2.32272132070749	-0.383521895548771
sincebefore	Temporal	Asynchronous	1	1910	0.35	-0.388652588801096
aslongas	Temporal	Synchronous	0.3125	1910	4.2568359375	-0.378491611387782
assoonas	Temporal	Synchronous	0.45	1910	18.976275	-0.340208998489936
assoonas	Temporal	Asynchronous	0.55	1910	28.347275	-0.315836713381621
beforeandafter	Temporal	Asynchronous	1	1910	2.21	-0.383815063424779
evenbeforethen	Temporal	Asynchronous	1	1910	0	-0.389562875834274
ifandwhen	Temporal	Synchronous	0.1666667	1910	0.0036111125555557	-0.389553483980175
intheend	Temporal	Asynchronous	0.2307692	1910	1.27011800449706	-0.386259527405418
inthemeantime	Temporal	Asynchronous	0.1785714	1910	0.524553403571442	-0.388198606801472
inthemeantime	Temporal	Synchronous	0.7857143	1910	10.1553575121429	-0.363150617946875
inthemeanwhile	Temporal	Synchronous	1	1910	2.38	-0.383372924008664
whenandif	Temporal	Asynchronous	0.5	1910	0	-0.389562875834274
after	Temporal	Asynchronous	0.95	1920	1044.35495	2.32661646422334
afterward	Temporal	Asynchronous	1	1920	39.53	-0.286752457487066
afterwards	Temporal	Asynchronous	1	1920	23.42	-0.328651669214197
also	Temporal	Synchronous	5e-04	1920	0.000130785	-0.389562535686017
although	Temporal	Synchronous	0.003	1920	0.0017289	-0.389558379276412
as	Temporal	Synchronous	0.015	1920	1.610379	-0.385374569770839
as	Temporal	Asynchronous	0.547	1920	2141.51062316	5.18012098609514
before	Temporal	Asynchronous	1	1920	1117.37	2.51651547348573
but	Temporal	Synchronous	2e-04	1920	0.0002031172	-0.389562347562978
by	Temporal	Synchronous	0.0023	1920	0.0234962756	-0.38950176624854
earlier	Temporal	Asynchronous	1	1920	53.11	-0.251433320599763
finally	Temporal	Asynchronous	0.422	1920	28.57001612	-0.315257403800788
however	Temporal	Synchronous	0.001	1920	0.00036147	-0.389561935715834
if	Temporal	Synchronous	4e-04	1920	0.0004083232	-0.38956181385909
in	Temporal	Synchronous	0.2375	1920	1023.24321875	2.27170864935245
later	Temporal	Asynchronous	1	1920	311.63	0.42093069030639
meantime	Temporal	Synchronous	1	1920	26.38	-0.320953241733607
meanwhile	Temporal	Synchronous	0.71875	1920	22.229365234375	-0.331748296038195
next	Temporal	Asynchronous	1	1920	357.43	0.540048250647957
once	Temporal	Asynchronous	0.952381	1920	469.814105938323	0.832339091707809
previously	Temporal	Asynchronous	1	1920	28.75	-0.314789298108945
separately	Temporal	Synchronous	0.01408451	1920	0.0013806790167031	-0.389559284936542
simultaneously	Temporal	Synchronous	1	1920	11.98	-0.358405051098641
since	Temporal	Asynchronous	0.4925	1920	104.19246275	-0.118577024987995
still	Temporal	Asynchronous	0.0103626	1920	0.072902643730164	-0.389373269173497
still	Temporal	Synchronous	0.005181347	1920	0.0182259915869903	-0.389515473309107
subsequently	Temporal	Asynchronous	1	1920	11.36	-0.360017559557413
then	Temporal	Asynchronous	0.9218289	1920	1433.9673836065	3.33992831072873
then	Temporal	Synchronous	0.01179941	1920	0.234941219315892	-0.388951835989981
thereafter	Temporal	Asynchronous	1	1920	17.43	-0.344230581582014
till	Temporal	Asynchronous	0.8	1920	87.0336	-0.163204140032008
ultimately	Temporal	Asynchronous	0.8611111	1920	11.4860259381543	-0.359689788764996
until	Temporal	Asynchronous	0.8934911	1920	393.750520265222	0.63451138960712
upon	Temporal	Asynchronous	0.1	1920	9.9998	-0.363555195050352
upon	Temporal	Synchronous	0.6	1920	359.9928	0.546713632386895
when	Temporal	Asynchronous	0.1899441	1920	89.2198899607651	-0.157517993169003
when	Temporal	Synchronous	0.07495527	1920	13.8935878910113	-0.353428153258544
while	Temporal	Synchronous	0.3592777	1920	95.8190113112587	-0.140354865752655
with	Temporal	Synchronous	0.01683502	1920	2.00115142866758	-0.384358240985869
bythen	Temporal	Asynchronous	0.9285714	1920	1.68137744755102	-0.385189915581749
evenafter	Temporal	Asynchronous	1	1920	6.61	-0.372371455007685
evenas	Temporal	Synchronous	0.4230769	1920	3.82331319237871	-0.379619126054844
evenbefore	Temporal	Asynchronous	1	1920	6.5	-0.372657545218112
eventhen	Temporal	Asynchronous	1	1920	10.82	-0.361422002408602
evenwhen	Temporal	Synchronous	0.142857	1920	0.43428484571472	-0.388433379080674
evenwhen	Temporal	Asynchronous	0.07142857	1920	0.108571424228571	-0.38928050109242
evenwhile	Temporal	Synchronous	1	1920	4.16	-0.37874346423993
lateron	Temporal	Asynchronous	1	1920	12.45	-0.357182665654088
nowthat	Temporal	Asynchronous	0.1190476	1920	0.87570833655331	-0.387285315995387
nowthat	Temporal	Synchronous	0.1904762	1920	2.24181428313833	-0.383732320197891
sincebefore	Temporal	Asynchronous	1	1920	0.47	-0.38834049038972
aslongas	Temporal	Synchronous	0.3125	1920	4.3466796875	-0.37825794395739
assoonas	Temporal	Synchronous	0.45	1920	14.411925	-0.352080051689609
assoonas	Temporal	Asynchronous	0.55	1920	21.528925	-0.33357001507496
beforeandafter	Temporal	Asynchronous	1	1920	2.26	-0.383685022420039
evenbeforethen	Temporal	Asynchronous	1	1920	0.04	-0.389458843030482
ifandwhen	Temporal	Synchronous	0.1666667	1920	0.0313889014444457	-0.389481238948643
intheend	Temporal	Asynchronous	0.2307692	1920	1.22857955403552	-0.386367561442085
inthemeantime	Temporal	Asynchronous	0.1785714	1920	0.557078903367361	-0.38811401382801
inthemeantime	Temporal	Synchronous	0.7857143	1920	10.7850514125918	-0.361512897397018
inthemeanwhile	Temporal	Synchronous	1	1920	2.22	-0.383789055223831
whenandif	Temporal	Asynchronous	0.5	1920	0.0675	-0.389387320477875
after	Temporal	Asynchronous	0.95	1930	1012.65915	2.24418139066277
afterward	Temporal	Asynchronous	1	1930	27.9	-0.31699999518952
afterwards	Temporal	Asynchronous	1	1930	23.75	-0.327793398582915
also	Temporal	Synchronous	5e-04	1930	0.00012501	-0.389562550705753
although	Temporal	Synchronous	0.003	1930	0.00184302	-0.389558082470822
as	Temporal	Synchronous	0.015	1930	1.40247225	-0.385915297824083
as	Temporal	Asynchronous	0.547	1930	1865.03253089	4.46105120794901
before	Temporal	Asynchronous	1	1930	1113.47	2.50637227511604
but	Temporal	Synchronous	2e-04	1930	0.0001922152	-0.389562375917119
by	Temporal	Synchronous	0.0023	1930	0.0214923178	-0.389506978182256
earlier	Temporal	Asynchronous	1	1930	53.67	-0.249976861346678
finally	Temporal	Asynchronous	0.422	1930	27.82918668	-0.317184167895155
however	Temporal	Synchronous	0.001	1930	0.00033492	-0.389562004767607
if	Temporal	Synchronous	4e-04	1930	0.0004198832	-0.38956178379361
in	Temporal	Synchronous	0.2375	1930	973.6164359375	2.14263831537372
later	Temporal	Asynchronous	1	1930	309.41	0.415156869695948
meantime	Temporal	Synchronous	1	1930	24.51	-0.325816775310872
meanwhile	Temporal	Synchronous	0.71875	1930	23.38138671875	-0.328752095411998
next	Temporal	Asynchronous	1	1930	391.15	0.627747904244412
once	Temporal	Asynchronous	0.952381	1930	453.387800440818	0.789617226286671
previously	Temporal	Asynchronous	1	1930	27.83	-0.317182052596156
separately	Temporal	Synchronous	0.01408451	1930	0.00174766984729228	-0.389558330459416
simultaneously	Temporal	Synchronous	1	1930	12.38	-0.357364723060723
since	Temporal	Asynchronous	0.4925	1930	116.53372475	-0.086479622783277
still	Temporal	Asynchronous	0.0103626	1930	0.0802938485732148	-0.389354045979416
still	Temporal	Synchronous	0.005181347	1930	0.0200738263210196	-0.389510667423398
subsequently	Temporal	Asynchronous	1	1930	9.17	-0.365713355565012
then	Temporal	Asynchronous	0.9218289	1930	1378.01012650687	3.19439355201445
then	Temporal	Synchronous	0.01179941	1930	0.225773182188369	-0.388975680405172
thereafter	Temporal	Asynchronous	1	1930	15.05	-0.350420533407623
till	Temporal	Asynchronous	0.8	1930	82.8992	-0.173956970631924
ultimately	Temporal	Asynchronous	0.8611111	1930	9.95851054547531	-0.363662581493383
until	Temporal	Asynchronous	0.8934911	1930	374.965901349037	0.585655975256859
upon	Temporal	Asynchronous	0.1	1930	6.6725	-0.37220890375176
upon	Temporal	Synchronous	0.6	1930	240.21	0.235180119136201
when	Temporal	Asynchronous	0.1899441	1930	89.2624628988924	-0.157407268616027
when	Temporal	Synchronous	0.07495527	1930	13.9002174761622	-0.353410910900264
while	Temporal	Synchronous	0.3592777	1930	88.0754741728785	-0.160494412746938
with	Temporal	Synchronous	0.01683502	1930	1.87161244402469	-0.384695148580188
bythen	Temporal	Asynchronous	0.9285714	1930	3.76800997220409	-0.379762959781181
evenafter	Temporal	Asynchronous	1	1930	6.89	-0.371643225381143
evenas	Temporal	Synchronous	0.4230769	1930	3.08764759215977	-0.381532459930942
evenbefore	Temporal	Asynchronous	1	1930	9.78	-0.364126855307188
eventhen	Temporal	Asynchronous	1	1930	11.69	-0.359159288926131
evenwhen	Temporal	Synchronous	0.142857	1930	0.52591731551073	-0.388195059511893
evenwhen	Temporal	Asynchronous	0.07142857	1930	0.131479586577551	-0.389220921083447
evenwhile	Temporal	Synchronous	1	1930	5.16	-0.376142644145136
lateron	Temporal	Asynchronous	1	1930	12.92	-0.355960280209535
nowthat	Temporal	Asynchronous	0.1190476	1930	0.951388584444469	-0.387088485285893
nowthat	Temporal	Synchronous	0.1904762	1930	2.43555579911112	-0.383228433369953
sincebefore	Temporal	Asynchronous	1	1930	1.59	-0.385427571883551
aslongas	Temporal	Synchronous	0.3125	1930	4.919921875	-0.376767044156957
assoonas	Temporal	Synchronous	0.45	1930	15.529725	-0.349172854987648
assoonas	Temporal	Asynchronous	0.55	1930	23.198725	-0.329227165680673
beforeandafter	Temporal	Asynchronous	1	1930	2.02	-0.38430921924279
evenbeforethen	Temporal	Asynchronous	1	1930	0.04	-0.389458843030482
ifandwhen	Temporal	Synchronous	0.1666667	1930	0.0491666863333353	-0.389435002128463
intheend	Temporal	Asynchronous	0.2307692	1930	1.11834289704144	-0.386654267154778
inthemeantime	Temporal	Asynchronous	0.1785714	1930	0.513392692857156	-0.38822763380217
inthemeantime	Temporal	Synchronous	0.7857143	1930	9.93928607571429	-0.363712580880649
inthemeanwhile	Temporal	Synchronous	1	1930	0.87	-0.387300162351803
whenandif	Temporal	Asynchronous	0.5	1930	0.135	-0.389211765121476
after	Temporal	Asynchronous	0.95	1940	1046.41265	2.3319681717324
afterward	Temporal	Asynchronous	1	1940	25.22	-0.323970193043568
afterwards	Temporal	Asynchronous	1	1940	22.04	-0.332240800945013
also	Temporal	Synchronous	5e-04	1940	0.00014303	-0.389562503838975
although	Temporal	Synchronous	0.003	1940	0.00167814	-0.38955851129404
as	Temporal	Synchronous	0.015	1940	1.3420395	-0.386072472534666
as	Temporal	Asynchronous	0.547	1940	1784.66798558	4.25203748359777
before	Temporal	Asynchronous	1	1940	1086.32	2.43576000954238
but	Temporal	Synchronous	2e-04	1940	0.0001957068	-0.389562366836095
by	Temporal	Synchronous	0.0023	1940	0.0210302363	-0.389508179973106
earlier	Temporal	Asynchronous	1	1940	64.31	-0.222304135538069
finally	Temporal	Asynchronous	0.422	1940	31.60634832	-0.307360450000558
however	Temporal	Synchronous	0.001	1940	0.00031387	-0.38956205951487
if	Temporal	Synchronous	4e-04	1940	0.000417288	-0.389561790543258
in	Temporal	Synchronous	0.2375	1940	960.2695890625	2.10792556781908
later	Temporal	Asynchronous	1	1940	337.01	0.486939504312263
meantime	Temporal	Synchronous	1	1940	21.02	-0.334893637441703
meanwhile	Temporal	Synchronous	0.71875	1940	24.64189453125	-0.325473741363603
next	Temporal	Asynchronous	1	1940	383.22	0.607123400892695
once	Temporal	Asynchronous	0.952381	1940	447.292561736056	0.773764606980759
previously	Temporal	Asynchronous	1	1940	32.23	-0.305738444179062
separately	Temporal	Synchronous	0.01408451	1940	0.00151954041206117	-0.389558923783035
simultaneously	Temporal	Synchronous	1	1940	16.75	-0.345999139246474
since	Temporal	Asynchronous	0.4925	1940	117.56216325	-0.0838048392662172
still	Temporal	Asynchronous	0.0103626	1940	0.0906456159256788	-0.389327122894869
still	Temporal	Synchronous	0.005181347	1940	0.0226618151102167	-0.38950393653015
subsequently	Temporal	Asynchronous	1	1940	7.99	-0.368782323276869
then	Temporal	Asynchronous	0.9218289	1940	1486.83148329015	3.47741832347915
then	Temporal	Synchronous	0.01179941	1940	0.243602473525507	-0.388929309625987
thereafter	Temporal	Asynchronous	1	1940	15.18	-0.3500824267953
till	Temporal	Asynchronous	0.8	1940	79.4432	-0.182945404879532
ultimately	Temporal	Asynchronous	0.8611111	1940	10.6332867626296	-0.361907609948319
until	Temporal	Asynchronous	0.8934911	1940	378.015507989914	0.593587453489668
upon	Temporal	Asynchronous	0.1	1940	4.9048	-0.376806373433328
upon	Temporal	Synchronous	0.6	1940	176.5728	0.0696712105997739
when	Temporal	Asynchronous	0.1899441	1940	86.8321975495252	-0.163727951572343
when	Temporal	Synchronous	0.07495527	1940	13.5217692933102	-0.354395186539064
while	Temporal	Synchronous	0.3592777	1940	85.8720706230843	-0.166225068976184
with	Temporal	Synchronous	0.01683502	1940	1.81414946512401	-0.384844599450419
bythen	Temporal	Asynchronous	0.9285714	1940	6.54443837277552	-0.372541969005218
evenafter	Temporal	Asynchronous	1	1940	9.01	-0.366129486780179
evenas	Temporal	Synchronous	0.4230769	1940	2.86211507238462	-0.382119029440403
evenbefore	Temporal	Asynchronous	1	1940	11.06	-0.360797805585852
eventhen	Temporal	Asynchronous	1	1940	10.29	-0.362800437058843
evenwhen	Temporal	Synchronous	0.142857	1940	0.49224391346988	-0.388282637972581
evenwhen	Temporal	Asynchronous	0.07142857	1940	0.123061219567347	-0.389242815741533
evenwhile	Temporal	Synchronous	1	1940	4.23	-0.378561406833295
lateron	Temporal	Asynchronous	1	1940	11.35	-0.360043567758361
nowthat	Temporal	Asynchronous	0.1190476	1940	0.959466813151952	-0.38706747526634
nowthat	Temporal	Synchronous	0.1904762	1940	2.45623607328799	-0.383174647697308
sincebefore	Temporal	Asynchronous	1	1940	1.61	-0.385375555481655
aslongas	Temporal	Synchronous	0.3125	1940	5.224609375	-0.375974606784324
assoonas	Temporal	Synchronous	0.45	1940	14.861475	-0.350910853015994
assoonas	Temporal	Asynchronous	0.55	1940	22.200475	-0.331823434340301
beforeandafter	Temporal	Asynchronous	1	1940	2.34	-0.383476956812455
evenbeforethen	Temporal	Asynchronous	1	1940	0.18	-0.389094728217211
ifandwhen	Temporal	Synchronous	0.1666667	1940	0.0619444692222247	-0.389401769413959
intheend	Temporal	Asynchronous	0.2307692	1940	1.14283993192901	-0.38659055477418
inthemeantime	Temporal	Asynchronous	0.1785714	1940	0.426976904183684	-0.38845238572186
inthemeantime	Temporal	Synchronous	0.7857143	1940	8.26627581079592	-0.368063779596446
inthemeanwhile	Temporal	Synchronous	1	1940	1.28	-0.386233826112937
whenandif	Temporal	Asynchronous	0.5	1940	0.3825	-0.388568062148015
after	Temporal	Asynchronous	0.95	1950	1016.729425	2.25476744367411
afterward	Temporal	Asynchronous	1	1950	22.43	-0.331226481108043
afterwards	Temporal	Asynchronous	1	1950	16.22	-0.347377573896714
also	Temporal	Synchronous	5e-04	1950	0.000145405	-0.389562497662028
although	Temporal	Synchronous	0.003	1950	0.00164484	-0.389558597901349
as	Temporal	Synchronous	0.015	1950	1.3037805	-0.386171977310673
as	Temporal	Asynchronous	0.547	1950	1733.79048722	4.11971426349024
before	Temporal	Asynchronous	1	1950	1049.92	2.34109015809188
but	Temporal	Synchronous	2e-04	1950	0.0001936104	-0.389562372288455
by	Temporal	Synchronous	0.0023	1950	0.0203022794	-0.38951007325804
earlier	Temporal	Asynchronous	1	1950	80.7	-0.179676694184395
finally	Temporal	Asynchronous	0.422	1950	35.29802964	-0.297759051039926
however	Temporal	Synchronous	0.001	1950	0.00032277	-0.389562036367572
if	Temporal	Synchronous	4e-04	1950	0.0004166512	-0.38956179219946
in	Temporal	Synchronous	0.2375	1950	950.2281484375	2.0818095872609
later	Temporal	Asynchronous	1	1950	364.36	0.55807193390488
meantime	Temporal	Synchronous	1	1950	18.98	-0.340199310435083
meanwhile	Temporal	Synchronous	0.71875	1950	26.0987109375	-0.321684823979803
next	Temporal	Asynchronous	1	1950	431.24	0.732014781844704
once	Temporal	Asynchronous	0.952381	1950	425.396867936509	0.716817846557442
previously	Temporal	Asynchronous	1	1950	28.51	-0.315413494931696
separately	Temporal	Synchronous	0.01408451	1950	0.00141241876421351	-0.389559202387169
simultaneously	Temporal	Synchronous	1	1950	15.28	-0.349822344785821
since	Temporal	Asynchronous	0.4925	1950	124.68361475	-0.0652832251009161
still	Temporal	Asynchronous	0.0103626	1950	0.0853526842575984	-0.389340888857912
still	Temporal	Synchronous	0.005181347	1950	0.0213385581867777	-0.389507378083347
subsequently	Temporal	Asynchronous	1	1950	9.21	-0.36560932276122
then	Temporal	Asynchronous	0.9218289	1950	1451.38763828444	3.38523525915155
then	Temporal	Synchronous	0.01179941	1950	0.237795353881028	-0.388944412899451
thereafter	Temporal	Asynchronous	1	1950	12.35	-0.357442747663567
till	Temporal	Asynchronous	0.8	1950	69.5104	-0.208778830717103
ultimately	Temporal	Asynchronous	0.8611111	1950	9.31339482138272	-0.365340411432071
until	Temporal	Asynchronous	0.8934911	1950	368.978453755693	0.570083701239563
upon	Temporal	Asynchronous	0.1	1950	3.3816	-0.380767942601718
upon	Temporal	Synchronous	0.6	1950	121.7376	-0.0729452794622757
when	Temporal	Asynchronous	0.1899441	1950	88.4770282692053	-0.159450042784065
when	Temporal	Synchronous	0.07495527	1950	13.7779072484204	-0.353729017798373
while	Temporal	Synchronous	0.3592777	1950	78.8862358184646	-0.18439396851495
with	Temporal	Synchronous	0.01683502	1950	1.80288643784158	-0.384873892558104
bythen	Temporal	Asynchronous	0.9285714	1950	9.11392801057144	-0.365859188721873
evenafter	Temporal	Asynchronous	1	1950	8.16	-0.368340183860754
evenas	Temporal	Synchronous	0.4230769	1950	2.9104434694793	-0.38199333597409
evenbefore	Temporal	Asynchronous	1	1950	13.22	-0.355180034181096
eventhen	Temporal	Asynchronous	1	1950	9.7	-0.364334920914771
evenwhen	Temporal	Synchronous	0.142857	1950	0.53040710244951	-0.388183382383801
evenwhen	Temporal	Asynchronous	0.07142857	1950	0.132602035512245	-0.389218001795703
evenwhile	Temporal	Synchronous	1	1950	3.84	-0.379575726670264
lateron	Temporal	Asynchronous	1	1950	11.58	-0.359445379136559
nowthat	Temporal	Asynchronous	0.1190476	1950	0.98497700907032	-0.387001127836173
nowthat	Temporal	Synchronous	0.1904762	1950	2.52154220226758	-0.383004798204745
sincebefore	Temporal	Asynchronous	1	1950	1.12	-0.386649957328104
aslongas	Temporal	Synchronous	0.3125	1950	5.5263671875	-0.375189789001813
assoonas	Temporal	Synchronous	0.45	1950	14.314725	-0.352332851402823
assoonas	Temporal	Asynchronous	0.55	1950	21.383725	-0.333947654152724
beforeandafter	Temporal	Asynchronous	1	1950	2.41	-0.38329489940582
evenbeforethen	Temporal	Asynchronous	1	1950	0.1	-0.389302793824794
ifandwhen	Temporal	Synchronous	0.1666667	1950	0.0747222521111141	-0.389368536699455
intheend	Temporal	Asynchronous	0.2307692	1950	1.32497006087576	-0.386116867074947
inthemeantime	Temporal	Asynchronous	0.1785714	1950	0.440688634489807	-0.388416723978145
inthemeantime	Temporal	Synchronous	0.7857143	1950	8.53173500412245	-0.367373367992094
inthemeanwhile	Temporal	Synchronous	1	1950	1.26	-0.386285842514833
whenandif	Temporal	Asynchronous	0.5	1950	0.4	-0.388522547796356
after	Temporal	Asynchronous	0.95	1960	1001.928425	2.21627270545106
afterward	Temporal	Asynchronous	1	1960	21.19	-0.334451498025588
afterwards	Temporal	Asynchronous	1	1960	14.49	-0.351876992660708
also	Temporal	Synchronous	5e-04	1960	0.00016185	-0.389562454891541
although	Temporal	Synchronous	0.003	1960	0.00166104	-0.389558555768063
as	Temporal	Synchronous	0.015	1960	1.27704375	-0.386241514787342
as	Temporal	Asynchronous	0.547	1960	1698.23548175	4.02724209079335
before	Temporal	Asynchronous	1	1960	995.79	2.20030776636067
but	Temporal	Synchronous	2e-04	1960	0.0001956592	-0.389562366959894
by	Temporal	Synchronous	0.0023	1960	0.0197837007	-0.389511421987944
earlier	Temporal	Asynchronous	1	1960	96.49	-0.138609744887598
finally	Temporal	Asynchronous	0.422	1960	34.26158076	-0.300454668114257
however	Temporal	Synchronous	0.001	1960	0.00031295	-0.389562061907625
if	Temporal	Synchronous	4e-04	1960	0.000429416	-0.389561759000512
in	Temporal	Synchronous	0.2375	1960	935.0277921875	2.04227619527787
later	Temporal	Asynchronous	1	1960	370.12	0.573052657650893
meantime	Temporal	Synchronous	1	1960	15.18	-0.3500824267953
meanwhile	Temporal	Synchronous	0.71875	1960	22.281025390625	-0.33161393726572
next	Temporal	Asynchronous	1	1960	426.68	0.720155042212444
once	Temporal	Asynchronous	0.952381	1960	441.478502197734	0.758643284101163
previously	Temporal	Asynchronous	1	1960	25.92	-0.322149618977212
separately	Temporal	Synchronous	0.01408451	1960	0.00169609275758786	-0.389558464602147
simultaneously	Temporal	Synchronous	1	1960	15.66	-0.348834033149799
since	Temporal	Asynchronous	0.4925	1960	125.44039025	-0.0633149881732683
still	Temporal	Asynchronous	0.0103626	1960	0.088693384281822	-0.389332200298158
still	Temporal	Synchronous	0.005181347	1960	0.0221737483447851	-0.389505205904002
subsequently	Temporal	Asynchronous	1	1960	10.61	-0.361968174628509
then	Temporal	Asynchronous	0.9218289	1960	1485.12344856319	3.47297603243867
then	Temporal	Synchronous	0.01179941	1960	0.243322629112047	-0.388930037450961
thereafter	Temporal	Asynchronous	1	1960	13.08	-0.355544148994368
till	Temporal	Asynchronous	0.8	1960	57.2224	-0.240737708041932
ultimately	Temporal	Asynchronous	0.8611111	1960	11.6120830336667	-0.359361936937896
until	Temporal	Asynchronous	0.8934911	1960	356.500612971164	0.537631082187519
upon	Temporal	Asynchronous	0.1	1960	2.7298	-0.382463157139505
upon	Temporal	Synchronous	0.6	1960	98.2728	-0.133973002822599
when	Temporal	Asynchronous	0.1899441	1960	82.9349697728232	-0.173863939887979
when	Temporal	Synchronous	0.07495527	1960	12.9148813373767	-0.355973592930144
while	Temporal	Synchronous	0.3592777	1960	77.2856380435702	-0.188556835371578
with	Temporal	Synchronous	0.01683502	1960	1.77472320127753	-0.384947140069694
bythen	Temporal	Asynchronous	0.9285714	1960	12.7353563591429	-0.356440505101052
evenafter	Temporal	Asynchronous	1	1960	8.45	-0.367585946033264
evenas	Temporal	Synchronous	0.4230769	1960	3.07332806709468	-0.381569702439479
evenbefore	Temporal	Asynchronous	1	1960	12.12	-0.35804093628537
eventhen	Temporal	Asynchronous	1	1960	8.55	-0.367325864023785
evenwhen	Temporal	Synchronous	0.142857	1960	0.48836637020457	-0.388292722765024
evenwhen	Temporal	Asynchronous	0.07142857	1960	0.12209183185102	-0.389245336944585
evenwhile	Temporal	Synchronous	1	1960	3.57	-0.380277948095859
lateron	Temporal	Asynchronous	1	1960	11.67	-0.359211305328027
nowthat	Temporal	Asynchronous	0.1190476	1960	0.877409016281202	-0.387280892833376
nowthat	Temporal	Synchronous	0.1904762	1960	2.2461680250703	-0.383720996898387
sincebefore	Temporal	Asynchronous	1	1960	0.89	-0.387248145949907
aslongas	Temporal	Synchronous	0.3125	1960	5.5927734375	-0.375017078292393
assoonas	Temporal	Synchronous	0.45	1960	13.982625	-0.353196583756304
assoonas	Temporal	Asynchronous	0.55	1960	20.887625	-0.335237921001751
beforeandafter	Temporal	Asynchronous	1	1960	2.33	-0.383502965013403
evenbeforethen	Temporal	Asynchronous	1	1960	0.03	-0.38948485123143
ifandwhen	Temporal	Synchronous	0.1666667	1960	0.0630555807777803	-0.389398879612698
intheend	Temporal	Asynchronous	0.2307692	1960	1.13378667990535	-0.386614100653966
inthemeantime	Temporal	Asynchronous	0.1785714	1960	0.364476924183683	-0.388614936925768
inthemeantime	Temporal	Synchronous	0.7857143	1960	7.05627576679592	-0.371210772025583
inthemeanwhile	Temporal	Synchronous	1	1960	0.76	-0.38758625256223
whenandif	Temporal	Asynchronous	0.5	1960	0.1725	-0.389114234367922
after	Temporal	Asynchronous	0.95	1970	976.9382	2.15127762609764
afterward	Temporal	Asynchronous	1	1970	23.66	-0.328027472391447
afterwards	Temporal	Asynchronous	1	1970	14.12	-0.352839296095782
also	Temporal	Synchronous	5e-04	1970	0.0001722125	-0.389562427940543
although	Temporal	Synchronous	0.003	1970	0.00175041	-0.389558323332771
as	Temporal	Synchronous	0.015	1970	1.2574035	-0.386292595544209
as	Temporal	Asynchronous	0.547	1970	1672.11752814	3.95931399220956
before	Temporal	Asynchronous	1	1970	976.34	2.14972181551693
but	Temporal	Synchronous	2e-04	1970	0.000191772	-0.389562377069802
by	Temporal	Synchronous	0.0023	1970	0.0194502191	-0.38951228931359
earlier	Temporal	Asynchronous	1	1970	112.14	-0.0979069104040709
finally	Temporal	Asynchronous	0.422	1970	36.21694308	-0.295369122499798
however	Temporal	Synchronous	0.001	1970	0.0002913	-0.38956211821538
if	Temporal	Synchronous	4e-04	1970	0.000422904	-0.389561775937052
in	Temporal	Synchronous	0.2375	1970	925.02865625	2.01627024160105
later	Temporal	Asynchronous	1	1970	369.24	0.570763935967474
meantime	Temporal	Synchronous	1	1970	16.86	-0.345713049036046
meanwhile	Temporal	Synchronous	0.71875	1970	23.7430078125	-0.327811584004672
next	Temporal	Asynchronous	1	1970	440.39	0.75581228571207
once	Temporal	Asynchronous	0.952381	1970	433.170111344219	0.737034654213939
previously	Temporal	Asynchronous	1	1970	24.21	-0.32659702133931
separately	Temporal	Synchronous	0.01408451	1970	0.0015889711097402	-0.389558743206281
simultaneously	Temporal	Synchronous	1	1970	16.3	-0.347169508289131
since	Temporal	Asynchronous	0.4925	1970	122.2313710625	-0.0716610697606979
still	Temporal	Asynchronous	0.0103626	1970	0.0900807788274012	-0.389328591934545
still	Temporal	Synchronous	0.005181347	1970	0.0225206032737937	-0.389504303796732
subsequently	Temporal	Asynchronous	1	1970	10.48	-0.362306281240832
then	Temporal	Asynchronous	0.9218289	1970	1461.91627025808	3.4126183367593
then	Temporal	Synchronous	0.01179941	1970	0.239520364966981	-0.388939926455955
thereafter	Temporal	Asynchronous	1	1970	12.42	-0.357260690256932
till	Temporal	Asynchronous	0.8	1970	58.3424	-0.237824789535762
ultimately	Temporal	Asynchronous	0.8611111	1970	14.689359188821	-0.351358495276341
until	Temporal	Asynchronous	0.8934911	1970	327.01043775808	0.460932441894334
upon	Temporal	Asynchronous	0.1	1970	2.5852	-0.382839235725212
upon	Temporal	Synchronous	0.6	1970	93.0672	-0.147511831908058
when	Temporal	Asynchronous	0.1899441	1970	82.5067148782718	-0.174977753823423
when	Temporal	Synchronous	0.07495527	1970	12.8481922053925	-0.356147039364713
while	Temporal	Synchronous	0.3592777	1970	77.7955058831535	-0.187230760848701
with	Temporal	Synchronous	0.01683502	1970	1.76408936172955	-0.384974796773275
bythen	Temporal	Asynchronous	0.9285714	1970	15.4341827236735	-0.349421343259821
evenafter	Temporal	Asynchronous	1	1970	8.12	-0.368444216664546
evenas	Temporal	Synchronous	0.4230769	1970	3.71233687312427	-0.379907755496007
evenbefore	Temporal	Asynchronous	1	1970	12.42	-0.357260690256932
eventhen	Temporal	Asynchronous	1	1970	9.43	-0.365037142340366
evenwhen	Temporal	Synchronous	0.142857	1970	0.51754998530664	-0.388216821432428
evenwhen	Temporal	Asynchronous	0.07142857	1970	0.129387749926531	-0.389226361574244
evenwhile	Temporal	Synchronous	1	1970	3.61	-0.380173915292067
lateron	Temporal	Asynchronous	1	1970	9.54	-0.364751052129939
nowthat	Temporal	Asynchronous	0.1190476	1970	0.849914694013627	-0.387352400619222
nowthat	Temporal	Synchronous	0.1904762	1970	2.17578253050341	-0.383904056907038
sincebefore	Temporal	Asynchronous	1	1970	1.35	-0.386051768706302
aslongas	Temporal	Synchronous	0.3125	1970	5.7861328125	-0.374514185344376
assoonas	Temporal	Synchronous	0.45	1970	13.0167	-0.355708780906368
assoonas	Temporal	Asynchronous	0.55	1970	19.4447	-0.338990709337032
beforeandafter	Temporal	Asynchronous	1	1970	2.32	-0.383528973214351
evenbeforethen	Temporal	Asynchronous	1	1970	0.03	-0.38948485123143
ifandwhen	Temporal	Synchronous	0.1666667	1970	0.0530555767777799	-0.389424887824049
intheend	Temporal	Asynchronous	0.2307692	1970	1.21899375777517	-0.386392492373623
inthemeantime	Temporal	Asynchronous	0.1785714	1970	0.427933536530623	-0.388449897693228
inthemeantime	Temporal	Synchronous	0.7857143	1970	8.28479621963266	-0.368015611344979
inthemeanwhile	Temporal	Synchronous	1	1970	0.66	-0.387846334571709
whenandif	Temporal	Asynchronous	0.5	1970	0.1825	-0.389088226166974
after	Temporal	Asynchronous	0.95	1980	973.4365	2.1421703343717
afterward	Temporal	Asynchronous	1	1980	21.74	-0.333021046973451
afterwards	Temporal	Asynchronous	1	1980	8.44	-0.367611954234212
also	Temporal	Synchronous	5e-04	1980	0.0001817575	-0.389562403115715
although	Temporal	Synchronous	0.003	1980	0.00191295	-0.389557900595473
as	Temporal	Synchronous	0.015	1980	1.24612425	-0.386321930844263
as	Temporal	Asynchronous	0.547	1980	1657.11818097	3.92030338868103
before	Temporal	Asynchronous	1	1980	925.24	2.01681990867296
but	Temporal	Synchronous	2e-04	1980	0.0001912556	-0.389562378412866
by	Temporal	Synchronous	0.0023	1980	0.0187578639	-0.389514090004907
earlier	Temporal	Asynchronous	1	1980	117.95	-0.0827961456533176
finally	Temporal	Asynchronous	0.422	1980	35.73433544	-0.296624298147811
however	Temporal	Synchronous	0.001	1980	0.00027915	-0.389562149815344
if	Temporal	Synchronous	4e-04	1980	0.0004018016	-0.389561830820598
in	Temporal	Synchronous	0.2375	1980	918.1657078125	1.99842094739526
later	Temporal	Asynchronous	1	1980	357.87	0.541192611489666
meantime	Temporal	Synchronous	1	1980	16.38	-0.346961442681547
meanwhile	Temporal	Synchronous	0.71875	1980	22.549658203125	-0.330915271648849
next	Temporal	Asynchronous	1	1980	454.25	0.791859652225915
once	Temporal	Asynchronous	0.952381	1980	412.807297516554	0.684074638824399
previously	Temporal	Asynchronous	1	1980	27	-0.319340733274835
separately	Temporal	Synchronous	0.01408451	1980	0.0015810361728626	-0.389558763843625
simultaneously	Temporal	Synchronous	1	1980	16.52	-0.346597327868276
since	Temporal	Asynchronous	0.4925	1980	123.068190125	-0.0694846539272412
still	Temporal	Asynchronous	0.0103626	1980	0.0902332633672404	-0.389328195349689
still	Temporal	Synchronous	0.005181347	1980	0.0225587251003565	-0.38950420464872
subsequently	Temporal	Asynchronous	1	1980	10.28	-0.362826445259791
then	Temporal	Asynchronous	0.9218289	1980	1409.77447381718	3.27700690479714
then	Temporal	Synchronous	0.01179941	1980	0.230977452922261	-0.388962145033269
thereafter	Temporal	Asynchronous	1	1980	9.88	-0.363866773297709
till	Temporal	Asynchronous	0.8	1980	47.2064	-0.266787522111389
ultimately	Temporal	Asynchronous	0.8611111	1980	18.6786955056235	-0.340982949218709
until	Temporal	Asynchronous	0.8934911	1980	331.880228467333	0.473597891428401
upon	Temporal	Asynchronous	0.1	1980	1.9915	-0.384383342615491
upon	Temporal	Synchronous	0.6	1980	71.694	-0.20309967995811
when	Temporal	Asynchronous	0.1899441	1980	82.8003959938277	-0.174213942076623
when	Temporal	Synchronous	0.07495527	1980	12.8939251063488	-0.356028096316912
while	Temporal	Synchronous	0.3592777	1980	75.4075172673836	-0.193441489626734
with	Temporal	Synchronous	0.01683502	1980	1.78810619444	-0.384912333312148
bythen	Temporal	Asynchronous	0.9285714	1980	15.4514276205714	-0.349376492385436
evenafter	Temporal	Asynchronous	1	1980	10.79	-0.361500027011446
evenas	Temporal	Synchronous	0.4230769	1980	4.37103502611836	-0.378194600103296
evenbefore	Temporal	Asynchronous	1	1980	13.37	-0.354789911166877
eventhen	Temporal	Asynchronous	1	1980	7.54	-0.369952692319527
evenwhen	Temporal	Synchronous	0.142857	1980	0.5530601183679	-0.388124465964793
evenwhen	Temporal	Asynchronous	0.07142857	1980	0.138265300591837	-0.389203272662082
evenwhile	Temporal	Synchronous	1	1980	2.45	-0.383190866602028
lateron	Temporal	Asynchronous	1	1980	6.43	-0.372839602624748
nowthat	Temporal	Asynchronous	0.1190476	1980	0.82610517782315	-0.387414324887378
nowthat	Temporal	Synchronous	0.1904762	1980	2.11483014345579	-0.384062583100098
sincebefore	Temporal	Asynchronous	1	1980	1.27	-0.386259834313885
aslongas	Temporal	Synchronous	0.3125	1980	5.384765625	-0.375558069191017
assoonas	Temporal	Synchronous	0.45	1980	11.755125	-0.358989910517458
assoonas	Temporal	Asynchronous	0.55	1980	17.560125	-0.343892149867179
beforeandafter	Temporal	Asynchronous	1	1980	1.91	-0.384595309453217
evenbeforethen	Temporal	Asynchronous	1	1980	0.03	-0.38948485123143
ifandwhen	Temporal	Synchronous	0.1666667	1980	0.0316666793333346	-0.389480516498328
intheend	Temporal	Asynchronous	0.2307692	1980	1.25414167739647	-0.386301078957982
inthemeantime	Temporal	Asynchronous	0.1785714	1980	0.43048455612246	-0.388443262950212
inthemeantime	Temporal	Synchronous	0.7857143	1980	8.33418397653061	-0.367887162674402
inthemeanwhile	Temporal	Synchronous	1	1980	0.57	-0.388080408380241
whenandif	Temporal	Asynchronous	0.5	1980	0.235	-0.388951683111997
after	Temporal	Asynchronous	0.95	1990	991.874575	2.19012445034102
afterward	Temporal	Asynchronous	1	1990	21.24	-0.334321457020848
afterwards	Temporal	Asynchronous	1	1990	10.77	-0.361552043413342
also	Temporal	Synchronous	5e-04	1990	0.0001838275	-0.389562397732018
although	Temporal	Synchronous	0.003	1990	0.00178425	-0.389558235321019
as	Temporal	Synchronous	0.015	1990	1.238679	-0.386341294600074
as	Temporal	Asynchronous	0.547	1990	1647.21735516	3.89455312195933
before	Temporal	Asynchronous	1	1990	952.48	2.08766624805515
but	Temporal	Synchronous	2e-04	1990	0.000190106	-0.389562381402769
by	Temporal	Synchronous	0.0023	1990	0.0171479053	-0.389518277217586
earlier	Temporal	Asynchronous	1	1990	104.71	-0.117231003708391
finally	Temporal	Asynchronous	0.422	1990	39.96917296	-0.285610247627607
however	Temporal	Synchronous	0.001	1990	0.00025427	-0.389562214523748
if	Temporal	Synchronous	4e-04	1990	0.0004091888	-0.38956181160782
in	Temporal	Synchronous	0.2375	1990	896.04938125	1.94090036084848
later	Temporal	Asynchronous	1	1990	371.95	0.577812158424366
meantime	Temporal	Synchronous	1	1990	14.75	-0.351200779436062
meanwhile	Temporal	Synchronous	0.71875	1990	21.33564453125	-0.334072702802016
next	Temporal	Asynchronous	1	1990	507.76	0.931029535498344
once	Temporal	Asynchronous	0.952381	1990	419.42861337143	0.701295490153737
previously	Temporal	Asynchronous	1	1990	25.61	-0.322955873206598
separately	Temporal	Synchronous	0.01408451	1990	0.00145407718282093	-0.389559094041117
simultaneously	Temporal	Synchronous	1	1990	14.15	-0.352761271492938
since	Temporal	Asynchronous	0.4925	1990	110.5692665625	-0.101992105491886
still	Temporal	Asynchronous	0.0103626	1990	0.09379946869686	-0.389318920291206
still	Temporal	Synchronous	0.005181347	1990	0.0234502926075063	-0.389501885842031
subsequently	Temporal	Asynchronous	1	1990	8.3	-0.367976069047483
then	Temporal	Asynchronous	0.9218289	1990	1481.88583049865	3.46455557031716
then	Temporal	Synchronous	0.01179941	1990	0.242792177761161	-0.388931417059493
thereafter	Temporal	Asynchronous	1	1990	7.51	-0.37003071692237
till	Temporal	Asynchronous	0.8	1990	40.16	-0.285113940827345
ultimately	Temporal	Asynchronous	0.8611111	1990	21.6299145652654	-0.333307359384253
until	Temporal	Asynchronous	0.8934911	1990	372.004110606196	0.577952890376303
upon	Temporal	Asynchronous	0.1	1990	1.3843	-0.38596256057705
upon	Temporal	Synchronous	0.6	1990	49.8348	-0.259951526574232
when	Temporal	Asynchronous	0.1899441	1990	87.9816668789617	-0.160738388641996
when	Temporal	Synchronous	0.07495527	1990	13.7007680923848	-0.353929642865486
while	Temporal	Synchronous	0.3592777	1990	84.2095142246456	-0.170549079065971
with	Temporal	Synchronous	0.01683502	1990	1.82624007266977	-0.384813153955356
bythen	Temporal	Asynchronous	0.9285714	1990	15.8911724914694	-0.348232795088622
evenafter	Temporal	Asynchronous	1	1990	11.73	-0.35905525612234
evenas	Temporal	Synchronous	0.4230769	1990	4.58403796146155	-0.377640617788806
evenbefore	Temporal	Asynchronous	1	1990	12.28	-0.357624805070203
eventhen	Temporal	Asynchronous	1	1990	9.29	-0.365401257153637
evenwhen	Temporal	Synchronous	0.142857	1990	0.60265185591897	-0.387995486777235
evenwhen	Temporal	Asynchronous	0.07142857	1990	0.150663259279592	-0.389171027801992
evenwhile	Temporal	Synchronous	1	1990	2.75	-0.38241062057359
lateron	Temporal	Asynchronous	1	1990	8.14	-0.36839220026265
nowthat	Temporal	Asynchronous	0.1190476	1990	0.795634666031766	-0.387493573206743
nowthat	Temporal	Synchronous	0.1904762	1990	2.03682560050794	-0.384265458882882
sincebefore	Temporal	Asynchronous	1	1990	2.05	-0.384231194639946
aslongas	Temporal	Synchronous	0.3125	1990	5.6416015625	-0.374890085123702
assoonas	Temporal	Synchronous	0.45	1990	10.72035	-0.361681174131048
assoonas	Temporal	Asynchronous	0.55	1990	16.01435	-0.347912432549209
beforeandafter	Temporal	Asynchronous	1	1990	3.05	-0.381630374545152
evenbeforethen	Temporal	Asynchronous	1	1990	0.03	-0.38948485123143
ifandwhen	Temporal	Synchronous	0.1666667	1990	0.02777778888889	-0.389490630802742
intheend	Temporal	Asynchronous	0.2307692	1990	1.37502921912428	-0.385986672210246
inthemeantime	Temporal	Asynchronous	0.1785714	1990	0.403061095510214	-0.388514586437641
inthemeantime	Temporal	Synchronous	0.7857143	1990	7.80326558987755	-0.369267985883105
inthemeanwhile	Temporal	Synchronous	1	1990	0.3	-0.388782629805835
whenandif	Temporal	Asynchronous	0.5	1990	0.1125	-0.389270283573609
after	Temporal	Asynchronous	0.95	2000	1033.0015	2.2970881833181
afterward	Temporal	Asynchronous	1	2000	21.71	-0.333099071576295
afterwards	Temporal	Asynchronous	1	2000	7.15	-0.370967012156496
also	Temporal	Synchronous	5e-04	2000	0.0001876775	-0.38956238771886
although	Temporal	Synchronous	0.003	2000	0.00163575	-0.389558621542804
as	Temporal	Synchronous	0.015	2000	1.2233295	-0.386381215888119
as	Temporal	Asynchronous	0.547	2000	1626.80531718	3.84146508340525
before	Temporal	Asynchronous	1	2000	997.68	2.20522331633984
but	Temporal	Synchronous	2e-04	2000	0.0001916984	-0.389562377261223
by	Temporal	Synchronous	0.0023	2000	0.0163806966	-0.38952027258939
earlier	Temporal	Asynchronous	1	2000	103.27	-0.120976184644894
finally	Temporal	Asynchronous	0.422	2000	38.32545764	-0.289885255461984
however	Temporal	Synchronous	0.001	2000	0.00021624	-0.389562313432936
if	Temporal	Synchronous	4e-04	2000	0.0004007008	-0.389561833683581
in	Temporal	Synchronous	0.2375	2000	870.6310328125	1.87479180945576
later	Temporal	Asynchronous	1	2000	369.25	0.570789944168422
meantime	Temporal	Synchronous	1	2000	13.24	-0.355128017779201
meanwhile	Temporal	Synchronous	0.71875	2000	21.692099609375	-0.333145627271937
next	Temporal	Asynchronous	1	2000	510.83	0.939014053189361
once	Temporal	Asynchronous	0.952381	2000	421.786890251248	0.707428944051858
previously	Temporal	Asynchronous	1	2000	28.37	-0.315777609744967
separately	Temporal	Synchronous	0.01408451	2000	0.00125372002666143	-0.389559615134035
simultaneously	Temporal	Synchronous	1	2000	15.36	-0.349614279178237
since	Temporal	Asynchronous	0.4925	2000	119.85189425	-0.0778496608697444
still	Temporal	Asynchronous	0.0103626	2000	0.0975127893923808	-0.389309262612122
still	Temporal	Synchronous	0.005181347	2000	0.0243786396233821	-0.389499471378457
subsequently	Temporal	Asynchronous	1	2000	6.15	-0.37356783225129
then	Temporal	Asynchronous	0.9218289	2000	1454.04741375478	3.39215285664245
then	Temporal	Synchronous	0.01179941	2000	0.238231131499997	-0.388943279520263
thereafter	Temporal	Asynchronous	1	2000	5.51	-0.375232357111958
till	Temporal	Asynchronous	0.8	2000	30.3232	-0.310697687935815
ultimately	Temporal	Asynchronous	0.8611111	2000	23.4243743955	-0.328640292198478
until	Temporal	Asynchronous	0.8934911	2000	389.120227459703	0.622468831033745
upon	Temporal	Asynchronous	0.1	2000	1.3716	-0.385995590992254
upon	Temporal	Synchronous	0.6	2000	49.3776	-0.261140621521572
when	Temporal	Asynchronous	0.1899441	2000	89.6928825191114	-0.156287824618568
when	Temporal	Synchronous	0.07495527	2000	13.9672437056965	-0.353236587735613
while	Temporal	Synchronous	0.3592777	2000	85.4770843979894	-0.167252357087577
with	Temporal	Synchronous	0.01683502	2000	1.88121180824351	-0.38467018236083
bythen	Temporal	Asynchronous	0.9285714	2000	16.468876537551	-0.346730290796729
evenafter	Temporal	Asynchronous	1	2000	13.7	-0.353931640535595
evenas	Temporal	Synchronous	0.4230769	2000	5.43246982156806	-0.375433999157977
evenbefore	Temporal	Asynchronous	1	2000	12.12	-0.35804093628537
eventhen	Temporal	Asynchronous	1	2000	8.7	-0.366935741009565
evenwhen	Temporal	Synchronous	0.142857	2000	0.64530483183738	-0.387884554060363
evenwhen	Temporal	Asynchronous	0.07142857	2000	0.161326524159184	-0.389143294568417
evenwhile	Temporal	Synchronous	1	2000	2.84	-0.382176546765058
lateron	Temporal	Asynchronous	1	2000	5.77	-0.374556143887312
nowthat	Temporal	Asynchronous	0.1190476	2000	0.799744642040837	-0.38748288389855
nowthat	Temporal	Synchronous	0.1904762	2000	2.04734714351021	-0.384238094242413
sincebefore	Temporal	Asynchronous	1	2000	1.92	-0.384569301252269
aslongas	Temporal	Synchronous	0.3125	2000	5.732421875	-0.374653877829937
assoonas	Temporal	Synchronous	0.45	2000	10.734525	-0.361644307506205
assoonas	Temporal	Asynchronous	0.55	2000	16.035525	-0.347857360183701
beforeandafter	Temporal	Asynchronous	1	2000	3.16	-0.381344284334724
evenbeforethen	Temporal	Asynchronous	1	2000	0	-0.389562875834274
ifandwhen	Temporal	Synchronous	0.1666667	2000	0.0375000150000015	-0.389465345041706
intheend	Temporal	Asynchronous	0.2307692	2000	1.44372742565683	-0.38580800053422
inthemeantime	Temporal	Asynchronous	0.1785714	2000	0.361607027142866	-0.388622401011662
inthemeantime	Temporal	Synchronous	0.7857143	2000	7.00071454028572	-0.371355276779982
inthemeanwhile	Temporal	Synchronous	1	2000	0.11	-0.389276785623846
whenandif	Temporal	Asynchronous	0.5	2000	0.085	-0.389341806126216
after	Temporal	Asynchronous	0.95	2010	1106.564275	2.48841172676691
afterward	Temporal	Asynchronous	1	2010	21.72	-0.333073063375347
afterwards	Temporal	Asynchronous	1	2010	8.69	-0.366961749210513
also	Temporal	Synchronous	5e-04	2010	0.000218665	-0.389562307125947
although	Temporal	Synchronous	0.003	2010	0.00152793	-0.389558901963226
as	Temporal	Synchronous	0.015	2010	1.218591	-0.386393539874138
as	Temporal	Asynchronous	0.547	2010	1620.50397564	3.82507642770386
before	Temporal	Asynchronous	1	2010	1043.39	2.32410680287287
but	Temporal	Synchronous	2e-04	2010	0.0001971544	-0.389562363071148
by	Temporal	Synchronous	0.0023	2010	0.015729815	-0.389521965415334
earlier	Temporal	Asynchronous	1	2010	118.47	-0.0814437192040247
finally	Temporal	Asynchronous	0.422	2010	39.31560468	-0.287310061143551
however	Temporal	Synchronous	0.001	2010	0.00022757	-0.389562283965645
if	Temporal	Synchronous	4e-04	2010	0.0003968272	-0.389561843758118
in	Temporal	Synchronous	0.2375	2010	873.751990625	1.88290885924951
later	Temporal	Asynchronous	1	2010	354.41	0.532193773961679
meantime	Temporal	Synchronous	1	2010	12.75	-0.35640241962565
meanwhile	Temporal	Synchronous	0.71875	2010	24.027138671875	-0.327072610756058
next	Temporal	Asynchronous	1	2010	532.37	0.995035718031225
once	Temporal	Asynchronous	0.952381	2010	419.247207457597	0.700823686007728
previously	Temporal	Asynchronous	1	2010	46.43	-0.268806798832987
separately	Temporal	Synchronous	0.01408451	2010	0.00157706870442379	-0.389558774162296
simultaneously	Temporal	Synchronous	1	2010	16.19	-0.347455598499558
since	Temporal	Asynchronous	0.4925	2010	118.8404346875	-0.080480285224966
still	Temporal	Asynchronous	0.0103626	2010	0.0985640736494412	-0.389306528410901
still	Temporal	Synchronous	0.005181347	2010	0.024641465455812	-0.389498787815751
subsequently	Temporal	Asynchronous	1	2010	8.46	-0.367559937832316
then	Temporal	Asynchronous	0.9218289	2010	1365.53552462042	3.16194935675362
then	Temporal	Synchronous	0.01179941	2010	0.223729343387579	-0.388980996062196
thereafter	Temporal	Asynchronous	1	2010	5.84	-0.374374086480676
till	Temporal	Asynchronous	0.8	2010	27.6224	-0.317721982847835
ultimately	Temporal	Asynchronous	0.8611111	2010	28.8448295025309	-0.314542663633184
until	Temporal	Asynchronous	0.8934911	2010	386.094570609199	0.614599641897005
upon	Temporal	Asynchronous	0.1	2010	1.3604	-0.386024720177316
upon	Temporal	Synchronous	0.6	2010	48.9744	-0.262189272183793
when	Temporal	Asynchronous	0.1899441	2010	87.0623800455015	-0.163129288311338
when	Temporal	Synchronous	0.07495527	2010	13.5576139994651	-0.354301960907004
while	Temporal	Synchronous	0.3592777	2010	94.7076285014329	-0.143245372497459
with	Temporal	Synchronous	0.01683502	2010	1.8706885016759	-0.384697551588015
bythen	Temporal	Asynchronous	0.9285714	2010	15.227243960898	-0.349959553752439
evenafter	Temporal	Asynchronous	1	2010	17.04	-0.345244901418983
evenas	Temporal	Synchronous	0.4230769	2010	5.58461477538463	-0.37503829750477
evenbefore	Temporal	Asynchronous	1	2010	12.78	-0.356324395022806
eventhen	Temporal	Asynchronous	1	2010	8.21	-0.368210142856014
evenwhen	Temporal	Synchronous	0.142857	2010	0.60550899306183	-0.38798805587754
evenwhen	Temporal	Asynchronous	0.07142857	2010	0.151377544965306	-0.389169170073427
evenwhile	Temporal	Synchronous	1	2010	3.7	-0.379939841483536
lateron	Temporal	Asynchronous	1	2010	6.91	-0.371591208979247
nowthat	Temporal	Asynchronous	0.1190476	2010	0.829931707210906	-0.387404372772853
nowthat	Temporal	Synchronous	0.1904762	2010	2.12462606280273	-0.384037105676213
sincebefore	Temporal	Asynchronous	1	2010	2.76	-0.382384612372642
aslongas	Temporal	Synchronous	0.3125	2010	5.2529296875	-0.375900950746483
assoonas	Temporal	Synchronous	0.45	2010	10.8297	-0.361396774453683
assoonas	Temporal	Asynchronous	0.55	2010	16.1777	-0.347487588586724
beforeandafter	Temporal	Asynchronous	1	2010	3.86	-0.379523710268369
evenbeforethen	Temporal	Asynchronous	1	2010	0.06	-0.389406826628586
ifandwhen	Temporal	Synchronous	0.1666667	2010	0.0408333496666683	-0.389456675637923
intheend	Temporal	Asynchronous	0.2307692	2010	1.41070968298227	-0.385893873742853
inthemeantime	Temporal	Asynchronous	0.1785714	2010	0.374043247653071	-0.388590056639455
inthemeantime	Temporal	Synchronous	0.7857143	2010	7.24147985516327	-0.370729089510919
inthemeanwhile	Temporal	Synchronous	1	2010	0.28	-0.388834646207731
whenandif	Temporal	Asynchronous	0.5	2010	0.0975	-0.389309295875031
