connective,sense,class,weight,de1,de2,de3,de4,de5,de6,de7,de8,de9,de10,de11,de12,de13,de14,de15,de16,de17,de18,de19,de20
1,about,Contingency,Cause,1,890.51,959.06,941.35,1084.97,1137.3,1403.79,1449.43,1477.62,1575.08,1745.26,1784.8,2041.66,2114.29,2238.63,2332.86,2483.35,2466.57,2561.17,2585.39,2534.72
2,accordingly,Contingency,Cause,1,59.87,90.73,71.17,68.94,56.45,45.77,38.12,32.6,26.75,26.92,20.27,15.63,12.37,12.94,10.88,9.96,9.78,7.54,6.17,6.52
3,additionally,Expansion,Conjunction,1,0.43,0.36,0.13,0.24,0.12,0.53,0.15,0.39,0.18,0.22,0.47,0.65,0.33,0.77,1.1,1.49,1.54,3.62,3.65,9.84
4,after,Temporal,Asynchronous,0.95,1018.1245,1031.8045,968.6295,1043.0715,1043.5275,1143.2775,1088.51,1108.783,1088.662,1157.86,1099.321,1065.957,1101.487,1070.2415,1054.6615,1028.356,1024.67,1044.0785,1087.37,1164.8045
5,after,Contingency,Cause,0.05,53.5855,54.3055,50.9805,54.8985,54.9225,60.1725,57.29,58.357,57.298,60.94,57.859,56.103,57.973,56.3285,55.5085,54.124,53.93,54.9515,57.23,61.3055
6,afterward,Temporal,Asynchronous,1,26.5,25.96,28.78,37.37,42.39,57.11,63.29,59.77,52.69,42.16,39.53,27.9,25.22,22.43,21.19,23.66,21.74,21.24,21.71,21.72
7,afterwards,Temporal,Asynchronous,1,108.14,110.71,96.29,92.04,103.74,82.71,68.67,64.52,48.28,36.66,23.42,23.75,22.04,16.22,14.49,14.12,8.44,10.77,7.15,8.69
8,albeit,Comparison,Concession,1,10.17,2.48,2.47,2.42,3.19,4.31,6.08,3.13,3.69,2.99,3,1.12,1.46,2.02,1.72,3.02,5.69,7.18,6.49,7.9
9,also,Expansion,Conjunction,0.9988,386.275912,424.759676,453.175536,439.242276,421.004188,469.775592,470.854296,499.819496,551.047948,481.131948,522.512232,499.439952,571.433456,580.922056,646.62312,688.02338,726.157564,734.427628,749.809148,873.610408
10,also,Temporal,Synchronous,5e-04,0.19337,0.212635,0.22686,0.219885,0.210755,0.23517,0.23571,0.25021,0.275855,0.240855,0.26157,0.25002,0.28606,0.29081,0.3237,0.344425,0.363515,0.367655,0.375355,0.43733
11,alternatively,Expansion,Disjunction,0.67,0,0,0.0402,0,0.0402,0,0,0,0,0.1139,0.1273,0.3149,0.2211,0.536,0.7839,1.1859,0.8308,1.5544,1.3869,1.4338
12,alternatively,Expansion,Substitution,0.33,0,0,0.0198,0,0.0198,0,0,0,0,0.0561,0.0627,0.1551,0.1089,0.264,0.3861,0.5841,0.4092,0.7656,0.6831,0.7062
13,although,Comparison,Concession,0.95,226.5655,197.6,183.122,162.298,143.146,165.186,150.024,159.7995,169.879,154.4035,182.495,194.541,177.137,173.622,175.332,184.7655,201.9225,188.3375,172.6625,161.2815
14,although,Comparison,Contrast,0.043,10.25507,8.944,8.28868,7.34612,6.47924,7.47684,6.79056,7.23303,7.68926,6.98879,8.2603,8.80554,8.01778,7.85868,7.93608,8.36307,9.13965,8.52475,7.81525,7.30011
15,although,Expansion,Exception,0.006,1.43094,1.248,1.15656,1.02504,0.90408,1.04328,0.94752,1.00926,1.07292,0.97518,1.1526,1.22868,1.11876,1.09656,1.10736,1.16694,1.2753,1.1895,1.0905,1.01862
16,although,Temporal,Synchronous,0.003,0.71547,0.624,0.57828,0.51252,0.45204,0.52164,0.47376,0.50463,0.53646,0.48759,0.5763,0.61434,0.55938,0.54828,0.55368,0.58347,0.63765,0.59475,0.54525,0.50931
17,and,Comparison,Concession,3e-04,9.975723,10.009608,10.311717,10.36941,10.001133,9.910356,9.787806,9.728535,9.150147,8.837178,8.3799,7.715886,7.892841,7.455306,7.234413,7.192149,7.035576,7.224267,7.278051,7.275891
18,and,Comparison,Contrast,0.0025,83.131025,83.4134,85.930975,86.41175,83.342775,82.5863,81.56505,81.071125,76.251225,73.64315,69.8325,64.29905,65.773675,62.12755,60.286775,59.934575,58.6298,60.202225,60.650425,60.632425
19,and,Contingency,Cause,0.0025,83.131025,83.4134,85.930975,86.41175,83.342775,82.5863,81.56505,81.071125,76.251225,73.64315,69.8325,64.29905,65.773675,62.12755,60.286775,59.934575,58.6298,60.202225,60.650425,60.632425
20,and,Contingency,Condition,0.0034,113.058194,113.442224,116.866126,117.51998,113.346174,112.317368,110.928468,110.25673,103.701666,100.154684,94.9722,87.446708,89.452198,84.493468,81.990014,81.511022,79.736528,81.875026,82.484578,82.460098
21,and,Contingency,Purpose,0.02,665.0482,667.3072,687.4478,691.294,666.7422,660.6904,652.5204,648.569,610.0098,589.1452,558.66,514.3924,526.1894,497.0204,482.2942,479.4766,469.0384,481.6178,485.2034,485.0594
22,and,Expansion,Conjunction,0.967,32155.08047,32264.30312,33238.10113,33424.0649,32236.98537,31944.38084,31549.36134,31358.31115,29493.97383,28485.17042,27011.211,24870.87254,25441.25749,24030.93634,23318.92457,23182.69361,22678.00664,23286.22063,23459.58439,23452.62199
23,and,Expansion,Level-of-detail,6e-04,19.951446,20.019216,20.623434,20.73882,20.002266,19.820712,19.575612,19.45707,18.300294,17.674356,16.7598,15.431772,15.785682,14.910612,14.468826,14.384298,14.071152,14.448534,14.556102,14.551782
24,and,Expansion,Manner,0.003,99.75723,100.09608,103.11717,103.6941,100.01133,99.10356,97.87806,97.28535,91.50147,88.37178,83.799,77.15886,78.92841,74.55306,72.34413,71.92149,70.35576,72.24267,72.78051,72.75891
25,as,Comparison,Concession,0.0083,64.203986,68.918635,68.267002,68.319873,67.847437,68.242268,67.243944,65.816427,62.534607,62.615615,59.405092,51.735643,49.506346,48.095014,47.108725,46.384218,45.968139,45.693492,45.127266,44.952468
26,as,Comparison,Contrast,0.0071,54.921482,58.954495,58.397074,58.442301,58.038169,58.375916,57.521928,56.300799,53.493459,53.562755,50.816404,44.255791,42.348802,41.141518,40.297825,39.678066,39.322143,39.087204,38.602842,38.453316
27,as,Comparison,Similarity,0.0077,59.562734,63.936565,63.332038,63.381087,62.942803,63.309092,62.382936,61.058613,58.014033,58.089185,55.110748,47.995717,45.927574,44.618266,43.703275,43.031142,42.645141,42.390348,41.865054,41.702892
28,as,Contingency,Cause+Belief,0.0065,50.28023,53.972425,53.46211,53.503515,53.133535,53.44274,52.66092,51.542985,48.972885,49.036325,46.52206,40.515865,38.77003,37.66477,36.892375,36.32499,35.999145,35.78406,35.34063,35.20374
29,as,Contingency,Cause,0.32,2475.3344,2657.104,2631.9808,2634.0192,2615.8048,2631.0272,2592.5376,2537.5008,2410.9728,2414.096,2290.3168,1994.6272,1908.6784,1854.2656,1816.24,1788.3072,1772.2656,1761.6768,1739.8464,1733.1072
30,as,Expansion,Instantiation,0.0047,36.356474,39.026215,38.657218,38.687157,38.419633,38.643212,38.077896,37.269543,35.411163,35.457035,33.639028,29.296087,28.033714,27.234526,26.676025,26.265762,26.030151,25.874628,25.553994,25.455012
31,as,Expansion,Level-of-detail,0.0085,65.75107,70.579325,69.91199,69.966135,69.482315,69.88666,68.86428,67.402365,64.041465,64.124425,60.83654,52.982285,50.69927,49.25393,48.243875,47.50191,47.075805,46.79454,46.21467,46.03566
32,as,Expansion,Manner,0.0035,27.07397,29.062075,28.78729,28.809585,28.610365,28.77686,28.35588,27.753915,26.370015,26.404175,25.05034,21.816235,20.87617,20.28103,19.865125,19.55961,19.384155,19.26834,19.02957,18.95586
33,as,Temporal,Synchronous,0.015,116.0313,124.55175,123.3741,123.46965,122.61585,123.3294,121.5252,118.94535,113.01435,113.16075,107.3586,93.49815,89.4693,86.9187,85.13625,83.8269,83.07495,82.5786,81.5553,81.2394
34,as,Temporal,Asynchronous,0.547,4231.27474,4541.98715,4499.04218,4502.52657,4471.39133,4497.41212,4431.61896,4337.54043,4121.25663,4126.59535,3915.01028,3409.56587,3262.64714,3169.63526,3104.63525,3056.88762,3029.46651,3011.36628,2974.04994,2962.53012
35,because,Contingency,Cause+Belief,0.0023,0.816362,0.777676,0.785151,0.868204,1.012943,1.046293,1.105357,1.117639,1.302628,1.560596,1.568623,1.806696,1.935956,1.973446,2.046586,2.114252,2.116506,2.277023,2.321413,2.300069
36,because,Contingency,Cause,0.995,353.1653,336.4294,339.66315,375.5926,438.20795,452.63545,478.18705,483.50035,563.5282,675.1274,678.59995,781.5924,837.5114,853.7299,885.3709,914.6438,915.6189,985.05995,1004.26345,995.02985
37,because,Contingency,Condition,0.0023,0.816362,0.777676,0.785151,0.868204,1.012943,1.046293,1.105357,1.117639,1.302628,1.560596,1.568623,1.806696,1.935956,1.973446,2.046586,2.114252,2.116506,2.277023,2.321413,2.300069
38,before,Temporal,Asynchronous,1,1181.28,1242.48,1179.6,1195.03,1208.57,1228.63,1196.58,1228.73,1204.52,1168.93,1117.37,1113.47,1086.32,1049.92,995.79,976.34,925.24,952.48,997.68,1043.39
39,besides,Expansion,Conjunction,1,110.58,126.47,113.56,122.94,115.08,119.81,102.31,99.67,97.1,99.94,82.72,75.32,78.14,71.7,76.13,74.89,63.15,65.22,62.17,52.83
40,beyond,Expansion,Conjunction,1,183.63,184.88,194.72,186.32,199.92,191.18,193.1,200.03,188.88,175.78,165.68,150.86,142.67,138.24,133.37,132.16,131.45,133.55,135.78,139.71
41,but,Comparison,Concession,0.821,5079.89645,4360.47057,4574.57095,4690.66035,4631.44983,4822.18455,4792.57108,4664.79885,4546.77189,4462.2992,4168.98053,3945.21698,4016.88207,3973.85346,4015.90508,3936.1203,3925.52119,3901.92565,3934.60966,4046.59406
42,but,Comparison,Contrast,0.165,1020.92925,876.34305,919.37175,942.70275,930.80295,969.13575,963.1842,937.50525,913.78485,896.808,837.85845,792.8877,807.29055,798.6429,807.0942,791.0595,788.92935,784.18725,790.7559,813.2619
43,but,Contingency,Cause,5e-04,3.093725,2.655585,2.785975,2.856675,2.820615,2.936775,2.91874,2.840925,2.769045,2.7176,2.538965,2.40269,2.446335,2.42013,2.44574,2.39715,2.390695,2.376325,2.39623,2.46443
44,but,Expansion,Conjunction,0.0113,69.918185,60.016221,62.963035,64.560855,63.745899,66.371115,65.963524,64.204905,62.580417,61.41776,57.380609,54.300794,55.287171,54.694938,55.273724,54.17559,54.029707,53.704945,54.154798,55.696118
45,but,Expansion,Exception,8e-04,4.94996,4.248936,4.45756,4.57068,4.512984,4.69884,4.669984,4.54548,4.430472,4.34816,4.062344,3.844304,3.914136,3.872208,3.913184,3.83544,3.825112,3.80212,3.833968,3.943088
46,but,Temporal,Synchronous,2e-04,1.23749,1.062234,1.11439,1.14267,1.128246,1.17471,1.167496,1.13637,1.107618,1.08704,1.015586,0.961076,0.978534,0.968052,0.978296,0.95886,0.956278,0.95053,0.958492,0.985772
47,by,Comparison,Concession,0.0023,14.367847,14.889372,14.153671,13.274933,12.522189,11.52921,11.32474,11.32313,10.74353,10.193807,10.215772,9.344486,9.143581,8.827078,8.601609,8.456617,8.155593,7.455611,7.122042,6.83905
48,by,Contingency,Cause+Belief,0.0034,21.239426,22.010376,20.922818,19.623814,18.511062,17.04318,16.74092,16.73854,15.88174,15.069106,15.101576,13.813588,13.516598,13.048724,12.715422,12.501086,12.056094,11.021338,10.528236,10.1099
49,by,Contingency,Cause,0.136,849.57704,880.41504,836.91272,784.95256,740.44248,681.7272,669.6368,669.5416,635.2696,602.76424,604.06304,552.54352,540.66392,521.94896,508.61688,500.04344,482.24376,440.85352,421.12944,404.396
50,by,Contingency,Condition,0.0785,490.380865,508.18074,483.070945,453.079235,427.387755,393.49695,386.5183,386.46335,366.68135,347.919065,348.66874,318.93137,312.074395,301.27201,293.576655,288.628015,278.353935,254.463245,243.07839,233.41975
51,by,Contingency,Purpose,0.133,830.83637,860.99412,818.45141,767.63743,724.10919,666.6891,654.8654,654.7723,621.2563,589.46797,590.73812,540.35506,528.73751,510.43538,497.39739,489.01307,471.60603,431.12881,411.83982,395.4755
52,by,Expansion,Level-of-detail,0.0046,28.735694,29.778744,28.307342,26.549866,25.044378,23.05842,22.64948,22.64626,21.48706,20.387614,20.431544,18.688972,18.287162,17.654156,17.203218,16.913234,16.311186,14.911222,14.244084,13.6781
53,by,Expansion,Manner,0.468,2923.54452,3029.66352,2879.96436,2701.16028,2547.99324,2345.9436,2304.3384,2304.0108,2186.0748,2074.21812,2078.68752,1901.39976,1860.51996,1796.11848,1750.24044,1720.73772,1659.48588,1517.05476,1449.18072,1391.598
54,by,Temporal,Synchronous,0.0023,14.367847,14.889372,14.153671,13.274933,12.522189,11.52921,11.32474,11.32313,10.74353,10.193807,10.215772,9.344486,9.143581,8.827078,8.601609,8.456617,8.155593,7.455611,7.122042,6.83905
55,consequently,Contingency,Cause,1,39.39,54.85,42.32,39.91,32.47,39.12,23.47,26.48,26.21,25.49,21.87,20.54,19.42,15.49,13.36,13.15,12.06,9.44,7.87,6.94
56,conversely,Comparison,Contrast,1,0.14,0.07,0.32,0.3,0.18,0.64,1.1,0.54,1.73,0.78,1.63,2.02,1.82,2.41,3.78,3.12,2.85,3.38,2.35,2.57
57,despite,Comparison,Concession,1,4.15,8.9,11.07,9.31,10.39,15.17,18.64,23.16,31.58,32.42,47.86,53.52,62.74,67.34,85.71,90.64,106.56,96.14,109.73,126.42
58,earlier,Temporal,Asynchronous,1,26.21,26.84,27.58,32.78,34.72,35.66,42.81,57.03,56.29,56.49,53.11,53.67,64.31,80.7,96.49,112.14,117.95,104.71,103.27,118.47
59,else,Contingency,Negative-condition,1,115.88,119.61,131.71,162.61,170.34,199.54,198.68,201.45,196.16,222.61,196.81,227.34,260.11,276.96,292.42,301.95,288.96,300.1,295.42,294.08
60,except,Expansion,Exception,1,167.59,151.48,136.52,166,189.12,180.91,191.76,192.2,167.49,176.73,193.97,193.05,208.87,191.02,181.75,174.23,147.19,134.15,124.55,106.25
61,finally,Expansion,Conjunction,0.5625,45.928125,39.054375,40.3875,48.81375,54.93375,68.8275,64.7775,74.019375,83.10375,85.57875,90.241875,87.901875,99.8325,111.493125,108.219375,114.395625,112.87125,126.2475,121.055625,124.183125
62,finally,Contingency,Cause,0.0156,1.27374,1.083108,1.12008,1.353768,1.523496,1.908816,1.796496,2.052804,2.304744,2.373384,2.502708,2.437812,2.768688,3.092076,3.001284,3.172572,3.130296,3.501264,3.357276,3.444012
63,finally,Temporal,Asynchronous,0.422,34.4563,29.29946,30.2996,36.62116,41.21252,51.63592,48.59752,55.53098,62.34628,64.20308,67.70146,65.94594,74.89656,83.64462,81.18858,85.82214,84.67852,94.71368,90.81862,93.16494
64,for,Comparison,Concession,0.0166,120.482966,117.902164,117.577468,124.398574,123.620698,124.820214,126.903846,128.537452,128.544424,130.787582,130.845848,129.779298,131.66705,129.511374,128.400502,128.595054,126.946342,126.702986,127.083458,129.609812
65,for,Contingency,Cause,0.5833,4233.597233,4142.911582,4131.502234,4371.186037,4343.852599,4386.001857,4459.217673,4516.620226,4516.865212,4595.686541,4597.733924,4560.256899,4626.589775,4550.842437,4511.808001,4518.644277,4460.710921,4452.159743,4465.528979,4554.301406
66,for,Contingency,Condition,0.1166,846.283966,828.156164,825.875468,873.787574,868.323698,876.749214,891.384846,902.859452,902.908424,918.664582,919.073848,911.582298,924.84205,909.700374,901.897502,903.264054,891.683342,889.973986,892.646458,910.391812
67,for,Contingency,Purpose,0.2666,1934.985466,1893.537164,1888.322468,1997.871074,1985.378198,2004.642714,2038.106346,2064.342452,2064.454424,2100.480082,2101.415848,2084.286798,2114.60455,2079.983874,2062.143002,2065.267554,2038.788842,2034.880486,2040.990958,2081.564812
68,for,Expansion,Level-of-detail,0.0166,120.482966,117.902164,117.577468,124.398574,123.620698,124.820214,126.903846,128.537452,128.544424,130.787582,130.845848,129.779298,131.66705,129.511374,128.400502,128.595054,126.946342,126.702986,127.083458,129.609812
69,from,Contingency,Cause+Belief,0.2857,1405.87256,1424.094506,1426.308681,1311.497279,1241.089371,1189.303389,1174.606981,1211.556562,1164.067508,1138.565926,1141.245792,1087.394199,1080.028853,1063.652529,1048.399006,1042.510729,1058.738489,1091.542563,1106.853226,1124.409491
70,from,Contingency,Cause,0.4285,2108.5628,2135.89253,2139.213405,1967.016395,1861.416855,1783.746945,1761.704905,1817.12281,1745.89754,1707.64963,1711.66896,1630.900995,1619.854265,1595.292645,1572.41503,1563.583645,1587.922445,1637.122815,1660.08613,1686.417455
71,from,Contingency,Condition,0.0714,351.34512,355.899012,356.452362,327.759558,310.163742,297.221778,293.548962,302.783124,290.915016,284.541852,285.211584,271.753398,269.912706,265.820058,262.008012,260.536458,264.591978,272.790126,276.616452,281.003982
72,from,Expansion,Manner,0.0714,351.34512,355.899012,356.452362,327.759558,310.163742,297.221778,293.548962,302.783124,290.915016,284.541852,285.211584,271.753398,269.912706,265.820058,262.008012,260.536458,264.591978,272.790126,276.616452,281.003982
73,from,Expansion,Substitution,0.1428,702.69024,711.798024,712.904724,655.519116,620.327484,594.443556,587.097924,605.566248,581.830032,569.083704,570.423168,543.506796,539.825412,531.640116,524.016024,521.072916,529.183956,545.580252,553.232904,562.007964
74,further,Expansion,Conjunction,1,134.79,150.17,121.15,150.7,154.1,161.64,173.97,179.52,168.26,162.79,192.49,171.72,147.78,148.7,152.63,140.1,119.89,107.24,92.44,119.03
75,furthermore,Expansion,Conjunction,1,2.44,2.48,3.92,3.63,4.43,7.56,6.53,8.86,12.42,17.14,21.21,19.34,22.99,20.66,19.44,15.64,12.96,13.76,10.77,13.03
76,given,Contingency,Cause+Belief,0.3333,127.613904,122.004465,111.372195,112.532079,114.35523,114.738525,116.645001,116.371695,117.911541,108.199179,104.6562,91.877478,88.567809,86.194713,84.988167,79.518714,76.695663,66.150051,64.283571,67.913208
77,given,Contingency,Cause,0.6667,255.266096,244.045535,222.777805,225.097921,228.74477,229.511475,233.324999,232.778305,235.858459,216.430821,209.3438,183.782522,177.162191,172.415287,170.001833,159.061286,153.414337,132.319949,128.586429,135.846792
78,hence,Contingency,Cause,1,89.95,83.65,93.95,86.96,73.98,64.14,56.96,45.09,53.65,45.54,43.11,30.17,30.95,23.83,25.38,20.6,22.54,19.22,11.92,14.16
79,however,Comparison,Concession,0.8045,491.93566,422.39468,383.802815,379.62746,331.124155,327.99465,300.279625,301.647275,304.71242,288.36498,290.802615,269.44314,252.508415,259.668465,251.768275,234.35085,224.576175,204.560215,173.96508,183.080065
80,however,Comparison,Contrast,0.1945,118.93286,102.12028,92.790115,91.78066,80.054255,79.29765,72.597125,72.927775,73.66882,69.71658,70.305915,65.14194,61.047715,62.778765,60.868775,56.65785,54.294675,49.455515,42.05868,44.262365
81,however,Temporal,Synchronous,0.001,0.61148,0.52504,0.47707,0.47188,0.41159,0.4077,0.37325,0.37495,0.37876,0.35844,0.36147,0.33492,0.31387,0.32277,0.31295,0.2913,0.27915,0.25427,0.21624,0.22757
82,if,Comparison,Concession+SpeechAct,8e-04,2.140776,2.084704,1.979728,2.099416,2.179096,2.26096,2.269936,2.030632,2.132712,2.224432,2.041616,2.099416,2.08644,2.083256,2.14708,2.11452,2.009008,2.045944,2.003504,1.984136
83,if,Comparison,Concession,0.0078,20.872566,20.325864,19.302348,20.469306,21.246186,22.04436,22.131876,19.798662,20.793942,21.688212,19.905756,20.469306,20.34279,20.311746,20.93403,20.61657,19.587828,19.947954,19.534164,19.345326
84,if,Comparison,Contrast,0.0017,4.549149,4.429996,4.206922,4.461259,4.630579,4.80454,4.823614,4.315093,4.532013,4.726918,4.338434,4.461259,4.433685,4.426919,4.562545,4.493355,4.269142,4.347631,4.257446,4.216289
85,if,Contingency,Condition,0.9887,2645.731539,2576.433556,2446.696342,2594.615749,2693.090269,2794.26394,2805.357154,2509.607323,2635.765443,2749.119898,2523.182174,2594.615749,2578.579035,2574.644009,2653.522495,2613.282405,2482.882762,2528.531041,2476.080506,2452.144079
86,if,Expansion,Level-of-detail,4e-04,1.070388,1.042352,0.989864,1.049708,1.089548,1.13048,1.134968,1.015316,1.066356,1.112216,1.020808,1.049708,1.04322,1.041628,1.07354,1.05726,1.004504,1.022972,1.001752,0.992068
87,if,Temporal,Synchronous,4e-04,1.070388,1.042352,0.989864,1.049708,1.089548,1.13048,1.134968,1.015316,1.066356,1.112216,1.020808,1.049708,1.04322,1.041628,1.07354,1.05726,1.004504,1.022972,1.001752,0.992068
88,in,Contingency,Cause+Belief,0.0125,222.351875,233.822875,234.669875,230.7465,224.157875,224.378375,224.836375,232.05925,225.10775,223.0815,226.7575,215.759875,212.802125,210.576875,207.208375,204.9925,203.471625,198.5705,192.937625,193.62925
89,in,Contingency,Cause,0.05,889.4075,935.2915,938.6795,922.986,896.6315,897.5135,899.3455,928.237,900.431,892.326,907.03,863.0395,851.2085,842.3075,828.8335,819.97,813.8865,794.282,771.7505,774.517
90,in,Contingency,Condition,0.125,2223.51875,2338.22875,2346.69875,2307.465,2241.57875,2243.78375,2248.36375,2320.5925,2251.0775,2230.815,2267.575,2157.59875,2128.02125,2105.76875,2072.08375,2049.925,2034.71625,1985.705,1929.37625,1936.2925
91,in,Contingency,Purpose,0.03125,555.8796875,584.5571875,586.6746875,576.86625,560.3946875,560.9459375,562.0909375,580.148125,562.769375,557.70375,566.89375,539.3996875,532.0053125,526.4421875,518.0209375,512.48125,508.6790625,496.42625,482.3440625,484.073125
92,in,Expansion,Instantiation,0.0125,222.351875,233.822875,234.669875,230.7465,224.157875,224.378375,224.836375,232.05925,225.10775,223.0815,226.7575,215.759875,212.802125,210.576875,207.208375,204.9925,203.471625,198.5705,192.937625,193.62925
93,in,Expansion,Level-of-detail,0.24375,4335.8615625,4559.5460625,4576.0625625,4499.55675,4371.0785625,4375.3783125,4384.3093125,4525.155375,4389.601125,4350.08925,4421.77125,4207.3175625,4149.6414375,4106.2490625,4040.5633125,3997.35375,3967.6966875,3872.12475,3762.2836875,3775.770375
94,in,Expansion,Manner,0.1625,2890.574375,3039.697375,3050.708375,2999.7045,2914.052375,2916.918875,2922.872875,3016.77025,2926.40075,2900.0595,2947.8475,2804.878375,2766.427625,2737.499375,2693.708875,2664.9025,2645.131125,2581.4165,2508.189125,2517.18025
95,in,Temporal,Synchronous,0.2375,4224.685625,4442.634625,4458.727625,4384.1835,4258.999625,4263.189125,4271.891125,4409.12575,4277.04725,4238.5485,4308.3925,4099.437625,4043.240375,4000.960625,3936.959125,3894.8575,3865.960875,3772.8395,3665.814875,3678.95575
96,indeed,Comparison,Concession,0.009708738,4.17475734,3.68135927484,3.76388354784,3.694174809,3.05708742144,3.36398062962,2.96000004144,2.78427188364,2.52029129742,2.15747575836,1.54242720606,1.12165050114,1.12825244298,1.02504855804,1.27310681394,1.28679613452,1.2742718625,0.96854370288,0.87378642,0.73970874822
97,indeed,Contingency,Cause+Belief,0.0388349,16.699007,14.725417382,15.055514032,14.77667945,12.228333312,13.455904501,11.839984312,11.137072622,10.081151691,8.629891478,6.169700563,4.486595997,4.513003729,4.100188742,5.092420437,5.147177646,5.097080625,3.874169624,3.495141,2.958831031
98,indeed,Contingency,Cause,0.01941748,8.3495164,7.3627200664,7.5277686464,7.38835114,6.1141761024,6.7279626452,5.9200013024,5.5685449144,5.0405836332,4.3149524056,3.0848550476,2.2433014644,2.2565053508,2.0500975384,2.5462141524,2.5735927992,2.54854425,1.9370878048,1.7475732,1.4794178012
99,indeed,Expansion,Conjunction,0.5242718,225.436874,198.793381124,203.249691424,199.4854199,165.082704384,181.654935982,159.839986384,150.350666804,136.095716562,116.503679396,83.291060866,60.569121054,60.925625878,55.352616644,68.747761134,69.486984372,68.81067375,52.301354768,47.184462,39.944268442
100,indeed,Expansion,Equivalence,0.01941748,8.3495164,7.3627200664,7.5277686464,7.38835114,6.1141761024,6.7279626452,5.9200013024,5.5685449144,5.0405836332,4.3149524056,3.0848550476,2.2433014644,2.2565053508,2.0500975384,2.5462141524,2.5735927992,2.54854425,1.9370878048,1.7475732,1.4794178012
101,indeed,Expansion,Instantiation,0.01941748,8.3495164,7.3627200664,7.5277686464,7.38835114,6.1141761024,6.7279626452,5.9200013024,5.5685449144,5.0405836332,4.3149524056,3.0848550476,2.2433014644,2.2565053508,2.0500975384,2.5462141524,2.5735927992,2.54854425,1.9370878048,1.7475732,1.4794178012
102,indeed,Expansion,Level-of-detail,0.368932,158.64076,139.89163576,143.02755776,140.378626,116.16930816,127.83124868,112.47998816,105.80231896,95.77105788,81.98406904,58.61222684,42.62271396,42.87358772,38.95184056,48.37805316,48.89824728,48.422325,36.80465632,33.20388,28.10892908
103,instead,Expansion,Substitution,1,131.21,131.21,134.43,142.96,142.35,148.66,134.8,132.82,141.46,151.75,155.02,150.61,153.18,161.47,158.54,153.18,160.76,185.92,209.04,226.72
104,later,Temporal,Asynchronous,1,35.95,32.46,40.3,57.03,88.03,123.64,162.11,232.15,278.33,301.65,311.63,309.41,337.01,364.36,370.12,369.24,357.87,371.95,369.25,354.41
105,lest,Contingency,Negative-condition,1,61.16,46.09,46.81,44.99,40.92,35.02,34.33,35.15,27.71,26.32,21.05,17.14,12.55,11.13,8.07,9.75,7.87,5.19,5.69,4.85
106,like,Comparison,Contrast,0.2,237.374,233.544,254.862,244.63,255.754,271.518,273.452,262.978,277.806,291.978,296.166,367.7,386.354,412.564,413.348,452.826,446.858,516.602,520.812,535.682
107,like,Comparison,Similarity,0.6,712.122,700.632,764.586,733.89,767.262,814.554,820.356,788.934,833.418,875.934,888.498,1103.1,1159.062,1237.692,1240.044,1358.478,1340.574,1549.806,1562.436,1607.046
108,like,Expansion,Instantiation,0.2,237.374,233.544,254.862,244.63,255.754,271.518,273.452,262.978,277.806,291.978,296.166,367.7,386.354,412.564,413.348,452.826,446.858,516.602,520.812,535.682
109,likewise,Expansion,Conjunction,1,58.15,37.2,30.56,34.71,25.09,23.95,18.74,19.39,21.48,24.89,23.89,23.1,18.21,18.18,11.13,10.13,10.72,11.95,10.05,10.1
110,meantime,Temporal,Synchronous,1,23.49,20.35,18.47,26.43,22.32,30.66,26.06,27.46,27.8,25.62,26.38,24.51,21.02,18.98,15.18,16.86,16.38,14.75,13.24,12.75
111,meanwhile,Comparison,Concession,0.01302083,0.3972655233,0.3048176303,0.4802082104,0.5535154833,0.5035154961,0.5959633891,0.4528644674,0.6240883819,0.5278644482,0.4914061242,0.5602863149,0.5893227658,0.621093591,0.6578123316,0.5615883979,0.5984373468,0.5683592295,0.537760279,0.5467446517,0.6055988033
112,meanwhile,Comparison,Contrast,0.1223958,3.734295858,2.865285678,4.513957104,5.203045458,4.733045586,5.602055766,4.256925924,5.866430694,4.961925732,4.619217492,5.266691274,5.539633908,5.83827966,6.183435816,5.278930854,5.625310968,5.34257667,5.05494654,5.139399642,5.692628658
113,meanwhile,Expansion,Conjunction,0.140625,4.29046875,3.29203125,5.18625,5.97796875,5.43796875,6.43640625,4.8909375,6.74015625,5.7009375,5.3071875,6.05109375,6.3646875,6.7078125,7.104375,6.06515625,6.463125,6.13828125,5.8078125,5.90484375,6.54046875
114,meanwhile,Comparison,Similarity,0.005208333,0.15890623983,0.12192707553,0.19208332104,0.22140623583,0.20140623711,0.23838540141,0.18114582174,0.24963540069,0.21114581982,0.19656248742,0.22411456899,0.23572915158,0.2484374841,0.26312498316,0.22463540229,0.23937498468,0.22734373545,0.2151041529,0.21869790267,0.24223956783
115,meanwhile,Temporal,Synchronous,0.71875,21.9290625,16.8259375,26.5075,30.5540625,27.7940625,32.8971875,24.998125,34.4496875,29.138125,27.125625,30.9278125,32.530625,34.284375,36.31125,30.9996875,33.03375,31.3734375,29.684375,30.1803125,33.4290625
116,moreover,Expansion,Conjunction,1,31.51,39.97,41.31,40.28,48.18,54.5,48.89,46.8,55.83,52.68,39.3,39.95,38.1,34.51,33.89,35.14,35.78,26.09,19.87,19.58
117,nevertheless,Comparison,Concession,0.7272727,39.9999985,36.334544092,34.1818169,39.716362147,37.658180406,43.236362015,39.432725794,39.163634895,41.461816627,42.843634757,41.570907532,43.439998371,37.505453139,34.283635078,34.239998716,27.141817164,27.185453526,19.549090176,15.018181255,13.069090419
118,nevertheless,Comparison,Contrast,0.2727273,15.0000015,13.625455908,12.8181831,14.893637853,14.121819594,16.213637985,14.787274206,14.686365105,15.548183373,16.066365243,15.589092468,16.290001629,14.064546861,12.856364922,12.840001284,10.178182836,10.194546474,7.330909824,5.631818745,4.900909581
119,next,Temporal,Asynchronous,1,259.55,268.68,273.87,297.9,316.18,371.4,342.15,358.16,341.13,350.04,357.43,391.15,383.22,431.24,426.68,440.39,454.25,507.76,510.83,532.37
120,nonetheless,Comparison,Concession,0.9259259,0,0,0,0,0,0,0.046296295,0.268518511,0.129629626,0.037037036,1.444444404,2.509259189,3.24074065,6.981481286,12.083332995,14.99999958,20.749999419,17.481480992,14.916666249,14.888888472
121,nonetheless,Comparison,Contrast,0.07407407,0,0,0,0,0,0,0.0037037035,0.0214814803,0.0103703698,0.0029629628,0.1155555492,0.2007407297,0.259259245,0.5585184878,0.9666666135,1.199999934,1.6599999087,1.3985184416,1.1933332677,1.1911110456
122,nor,Comparison,Concession,0.02941176,16.9738208136,15.5538210408,15.5497033944,15.1452916944,13.5782331216,12.0694098336,10.902939432,10.0891160328,9.0094103232,7.80146934,7.1752929696,5.4358814832,5.3585285544,4.6905874848,4.52941104,4.3714698888,3.7776464544,2.9908818744,2.5770584112,2.354411388
123,nor,Expansion,Disjunction,0.02941176,16.9738208136,15.5538210408,15.5497033944,15.1452916944,13.5782331216,12.0694098336,10.902939432,10.0891160328,9.0094103232,7.80146934,7.1752929696,5.4358814832,5.3585285544,4.6905874848,4.52941104,4.3714698888,3.7776464544,2.9908818744,2.5770584112,2.354411388
124,nor,Expansion,Conjunction,0.9117647,526.188526017,482.168526301,482.040879243,469.504114618,420.925291402,374.151762292,337.99117429,312.762645041,279.291762904,241.845586675,222.434116212,168.512351854,166.114410693,145.408234356,140.4117638,135.515587361,117.107058068,92.717352343,79.888823014,72.986764235
125,on,Contingency,Cause,1,4951.74,5205.49,4918.95,4918.24,5115.62,5137.09,5087.45,5524.36,5367.28,5682.05,5926.48,6464.3,6591.92,6636.34,6685.1,6747.91,6682.86,6816.22,6873.77,6965.88
126,once,Contingency,Condition,0.06547619,33.425594995,32.1907140516,37.4412497277,36.1114283088,39.776785425,42.9098211165,40.4105949442,39.3623211423,39.1685116199,37.242856872,33.9147021343,32.7289283334,32.2889283366,30.70833311,31.8692259587,31.2694640583,29.7995235928,30.2774997798,30.4477378738,30.2644045418
127,once,Contingency,Cause,0.04166667,21.270835035,20.4850016388,23.8262519061,22.9800018384,25.312502025,27.3062521845,25.7158353906,25.0487520039,24.9254186607,23.700001896,21.5820850599,20.8275016662,20.5475016438,19.54166823,20.2804182891,19.8987515919,18.9633348504,19.2675015414,19.3758348834,19.2591682074
128,once,Contingency,Condition,0.01785714,9.11606997,8.7792843096,10.2112483662,9.8485698528,10.84821255,11.702676699,11.0210696652,10.7351768538,10.6823197194,10.157141232,9.2494628058,8.9260700004,8.8060700196,8.37499866,8.6916057522,8.5280343498,8.1271415568,8.2574986788,8.3039272428,8.2539272508
129,once,Temporal,Asynchronous,0.952381,486.1905005,468.22859484,544.60002723,525.25716912,578.5714575,624.14288835,587.79050558,572.54288577,569.72383801,541.7143128,493.30478657,476.05716666,469.65716634,446.666689,463.55240413,454.82859417,433.44764072,440.40002202,442.87621262,440.20954582
130,only,Comparison,Concession,0.2857143,369.268589892,348.451445994,387.640019382,419.708592414,428.254307127,444.102879348,421.05716391,420.974306763,433.825735977,424.902878388,407.051448924,416.82859227,436.594307544,432.191450181,439.480021974,417.680020884,400.994305764,375.874304508,362.351446689,355.780017789
131,only,Comparison,Contrast,0.1428571,184.634230324,174.225662018,193.819941854,209.854222758,214.127078619,222.051361956,210.52850827,210.487079711,216.912792069,212.451364836,203.525653228,208.41422319,218.297077368,216.095649457,219.739934078,208.839937348,200.497082708,187.937086476,181.175659933,177.889946633
132,only,Expansion,Exception,0.4285714,553.902820216,522.677108012,581.459961236,629.562815172,642.381385746,666.154241304,631.58567218,631.461386474,650.738528046,637.354243224,610.577102152,625.24281546,654.891384912,648.287099638,659.219956052,626.519958232,601.491388472,563.811390984,543.527106622,533.669964422
133,only,Expansion,Level-of-detail,0.1428571,184.634230324,174.225662018,193.819941854,209.854222758,214.127078619,222.051361956,210.52850827,210.487079711,216.912792069,212.451364836,203.525653228,208.41422319,218.297077368,216.095649457,219.739934078,208.839937348,200.497082708,187.937086476,181.175659933,177.889946633
134,or,Comparison,Concession,0.03089888,123.5664750528,122.1775703968,125.8823461088,123.4048739104,119.95717688,110.4919229696,112.3647040864,102.4844782176,98.7284103648,98.587511472,93.6016681952,86.6484932288,92.2791961312,89.0045328288,88.1736619456,89.5715272768,82.4610770112,89.9571452992,88.4752350144,86.658998848
135,or,Contingency,Condition,0.002808989,11.23331555034,11.10705149479,11.44384927589,11.21862453787,10.90519754525,10.04471994488,10.21497276817,9.31677044553,8.97530974269,8.96250075285,8.50924228781,7.87713549314,8.38901755861,8.09132090439,8.01578719018,8.14286585254,7.49646130386,8.17792203526,8.04320292282,7.8780905494
136,or,Contingency,Condition+SpeechAct,0.005617978,22.46663110068,22.21410298958,22.88769855178,22.43724907574,21.8103950905,20.08943988976,20.42994553634,18.63354089106,17.95061948538,17.9250015057,17.01848457562,15.75427098628,16.77803511722,16.18264180878,16.03157438036,16.28573170508,14.99292260772,16.35584407052,16.08640584564,15.7561810988
137,or,Contingency,Negative-condition,0.01966292,78.6331968552,77.7493486012,80.1069327092,78.5303597836,76.33637117,70.3130288864,71.5047984676,65.2173831684,62.8271586132,62.737495698,59.5646869268,55.1399400392,58.7231139508,56.6392376892,56.1105017704,57.0000522712,52.4752211208,57.2454455128,56.3024118696,55.146625432
138,or,Expansion,Conjunction,0.1994382,797.565328092,788.600581002,812.513221182,796.522266306,774.26895195,713.175048144,725.262997446,661.490638614,637.246931022,636.33749283,604.156144878,559.276566732,595.620189918,574.483729482,569.120836284,578.143420452,532.248701868,580.632409188,571.067353116,559.34437572
139,or,Expansion,Disjunction,0.7247191,2898.195164046,2865.619040501,2952.512860591,2894.404883153,2813.540725975,2591.537524072,2635.462748723,2403.726569307,2315.629715511,2312.324996415,2195.384322439,2032.300783366,2164.366344959,2087.560614741,2068.072918142,2100.859210226,1934.086850934,2109.903704594,2075.146176558,2032.54718786
140,or,Expansion,Equivalence,0.01685393,67.3998773058,66.6422931523,68.6630793593,67.3117312519,65.4311697425,60.2683053656,61.2898220629,55.9006094061,53.8518456753,53.7749917545,51.0554416097,47.2628017418,50.3340934057,48.5479139043,48.0947117266,48.8571835198,44.9787571482,49.0675205662,48.2592060834,47.268532078
141,otherwise,Contingency,Negative-condition,0.2105263,18.364209149,19.101051199,17.113682927,17.863156555,14.854735728,14.879998884,13.239999007,13.202104273,12.376841177,12.675788523,12.614735896,11.534735977,11.463157035,11.252630735,12.614735896,13.086314808,11.884209635,11.970525418,11.905262265,12.922104294
142,otherwise,Expansion,Exception,0.7894737,68.865790851,71.628948801,64.176317073,66.986843445,55.705264272,55.800001116,49.650000993,49.507895727,46.413158823,47.534211477,47.305264104,43.255264023,42.986842965,42.197369265,47.305264104,49.073685192,44.565790365,44.889474582,44.644737735,48.457895706
143,plus,Expansion,Conjunction,1,3.44,3.14,1.52,7.38,3.72,3.89,3.99,5.68,4.05,6.19,13.7,20.43,26.86,39.25,38.46,41.52,42.41,53.33,66.71,72.63
144,previously,Temporal,Asynchronous,1,36.24,46.39,32.96,33.68,29.34,26.35,20.73,19.44,21.25,20.3,28.75,27.83,32.23,28.51,25.92,24.21,27,25.61,28.37,46.43
145,rather,Expansion,Substitution,1,313.12,312.95,324.54,345.43,307.68,342.5,336.27,312.92,316.92,335.37,333.22,287.57,254.24,268.66,265.81,259.25,235.03,214.79,183.88,182.69
146,regardless,Comparison,Concession,1,11.6,8.46,8.03,8.53,6.02,8.2,7.38,9.69,9.19,12.42,14.28,15.41,17.81,14.06,14.87,14.26,14.64,15.45,16.51,23.52
147,separately,Expansion,Conjunction,0.9864865,9.184189315,12.66648666,8.986892015,9.184189315,8.158243355,6.935000095,6.639054145,7.724189295,7.00405415,6.19513522,6.86594604,8.690946065,7.55648659,7.02378388,8.434459575,7.901756865,7.862297405,7.230946045,6.23459468,7.842567675
148,separately,Temporal,Synchronous,0.01408451,0.1311267881,0.1808451084,0.1283098861,0.1311267881,0.1164788977,0.0990141053,0.0947887523,0.1102817133,0.100000021,0.0884507228,0.0980281896,0.1240845331,0.1078873466,0.1002817112,0.1204225605,0.1128169251,0.1122535447,0.1032394583,0.0890141032,0.1119718545
149,similarly,Comparison,Similarity,1,1.15,3.21,3.23,4.17,3.96,5.48,5.33,7.59,12.33,11.25,13.97,14.98,13.91,13.61,19.81,18.52,17.69,18.79,15.88,19.27
150,simultaneously,Temporal,Synchronous,1,3.72,8.02,8.79,7.62,8.56,8.41,7.57,8.27,7.87,10.34,11.98,12.38,16.75,15.28,15.66,16.3,16.52,14.15,15.36,16.19
151,since,Contingency,Cause,0.5075,206.01455,182.106225,162.1361,170.5809,185.38975,188.135325,191.088975,179.528125,202.517875,192.9109,218.0017,243.8233,245.9751,260.8753,262.4587,255.744475,257.49535,231.343875,250.7659,248.649625
152,since,Temporal,Asynchronous,0.4925,199.92545,176.723775,157.3439,165.5391,179.91025,182.574675,185.441025,174.221875,196.532125,187.2091,211.5583,236.6167,238.7049,253.1647,254.7013,248.185525,249.88465,224.506125,243.3541,241.300375
153,so,Contingency,Cause+Belief,0.003745318,10.86838849148,11.10625363766,11.50625360006,12.58924975294,12.45228347368,13.04190888642,12.41464302778,11.75625357656,11.32887533958,11.34629106828,9.54164704316,9.54041108822,9.1393249836,8.95086058184,8.9655422284,9.18153471746,9.03546731546,9.61951220438,10.07913762934,10.3966282362
154,so,Contingency,Cause,0.8314607,2412.782546902,2465.588615959,2554.388618719,2794.813794731,2764.407276932,2895.304134933,2756.051096897,2609.888620444,2515.010639967,2518.876932222,2118.245908534,2117.971526503,2028.93040014,1987.091297716,1990.35062366,2038.300962229,2005.873994929,2135.531976487,2237.568833591,2308.05175713
155,so,Contingency,Purpose,0.164794,478.20911684,488.67518378,506.27518298,553.92701602,547.90049944,573.84401886,546.24431974,517.27518248,498.47053914,499.23683124,419.83249028,419.77810826,402.1303188,393.83788472,394.4838772,403.98754718,397.56058118,423.25855754,443.48207722,457.4516646
156,specifically,Expansion,Level-of-detail,1,1.43,2.92,2.09,2.42,1.71,2.93,3.04,3.28,5.51,5.84,10.31,12.67,15.8,17.41,19.37,21.92,19.43,20.66,21.83,36.22
157,still,Comparison,Concession,0.5958549,394.140140703,397.417342653,441.266304744,435.683144331,430.129776663,410.311642689,410.710865472,429.617341449,405.276668784,413.636513031,404.52589161,445.538584377,502.978996737,473.609308716,492.146354655,499.844799963,500.690913921,520.47925515,541.083917592,546.917337063
158,still,Comparison,Contrast,0.388601,257.04790347,259.18520897,287.78235656,284.14116519,280.51940387,267.59453461,267.85489728,280.18520701,264.31085616,269.76292819,263.8212189,290.56862573,328.02976213,308.87561884,320.96499595,325.98572087,326.53753429,339.4429735,352.88079608,356.68519987
159,still,Temporal,Asynchronous,0.0103626,6.854549022,6.911543322,7.674127056,7.577029494,7.480450062,7.135789986,7.142732928,7.471538226,7.048226016,7.193613294,7.03516914,7.748426898,8.747381538,8.236608984,8.55898947,8.692874262,8.707589154,9.0517311,9.410069808,9.511519662
160,still,Temporal,Synchronous,0.005181347,3.42730560009,3.45580300859,3.83709833432,3.78854911293,3.74025895889,3.56792735767,3.57139886016,3.73580300047,3.52414497552,3.59683927393,3.5176164783,3.87424859231,4.37373044311,4.11834184948,4.27953355465,4.34647655789,4.35383407063,4.5259066045,4.70507758376,4.75580297089
161,subsequently,Temporal,Asynchronous,1,11.46,19.76,19.86,21.95,18.95,20.17,15.9,15.23,10.65,9.39,11.36,9.17,7.99,9.21,10.61,10.48,10.28,8.3,6.15,8.46
162,then,Contingency,Cause,0.03097345,42.258316773,43.9528742225,47.548582033,47.808759013,48.208935987,55.4434047035,51.990794232,54.8208383585,56.809024114,55.0865905595,52.267077406,50.2274757235,54.1939357305,52.902033131,54.131679096,53.2857941765,51.3852632845,54.0136702515,52.9989800295,49.7727854775
163,then,Contingency,Condition,0.002949853,4.02460244202,4.18598889965,4.52843733442,4.55321609962,4.59132820038,5.28032536559,4.95150525168,5.22103332029,5.41038438436,5.24634305903,4.97781794044,4.78357012039,5.16132829557,5.03828992694,5.15539909104,5.07483860561,4.89383562553,5.14416015111,5.04752296683,4.74026627835
164,then,Expansion,Conjunction,0.03244838,44.2706227692,46.045873639,49.8128060732,50.0853724652,50.5046055348,58.0835736514,54.4665527328,57.4313612134,59.5142227256,57.7097683138,54.7559922824,52.6192664594,56.7746060022,55.4211840724,56.7093847584,55.8232195006,53.8321869038,56.5857564306,55.5227475018,52.142924241
165,then,Temporal,Asynchronous,0.9218289,1257.688041426,1308.121300545,1415.136417546,1422.879780306,1434.789809694,1650.101385867,1547.345118384,1631.572624977,1690.744822068,1639.481916939,1555.567832172,1494.865399107,1612.914808041,1574.465324622,1611.061931952,1585.886784693,1529.323363389,1607.549763843,1577.350649079,1481.332950855
166,then,Temporal,Synchronous,0.01179941,16.0984070394,16.7439527605,18.1137462674,18.2128613114,18.3653096886,21.1212978823,19.8060176496,20.8841297413,21.6415338692,20.9853686791,19.9112683868,19.1342772383,20.6453096829,20.1531562918,20.6215928688,20.2993509817,19.5753391841,20.5766371167,20.1900884451,18.9610618995
167,thereafter,Temporal,Asynchronous,1,2.58,4.38,3.54,5.68,6.67,8.52,8.37,11.46,12.15,12.9,17.43,15.05,15.18,12.35,13.08,12.42,9.88,7.51,5.51,5.84
168,thereby,Contingency,Cause,0.75,19.98,23.685,19.0275,22.4475,21.3,17.88,16.6725,15.9375,17.3025,15.39,18.4425,15.5625,12.615,12.72,12.075,12.9525,10.455,10.3425,7.71,6.81
169,thereby,Expansion,Manner,0.25,6.66,7.895,6.3425,7.4825,7.1,5.96,5.5575,5.3125,5.7675,5.13,6.1475,5.1875,4.205,4.24,4.025,4.3175,3.485,3.4475,2.57,2.27
170,therefore,Contingency,Cause,1,414.39,342.64,309.48,275.64,247.33,233.39,211.49,200.33,179.73,182.83,157.39,131.37,121.86,113.15,107.37,87.69,64.62,57.56,44.25,47.84
171,though,Comparison,Concession,0.9319149,699.197111172,705.841664409,695.087366463,704.686089933,596.183238126,531.918386622,574.367110317,586.426089123,503.038343871,500.661960876,432.007790193,392.000683536,404.879747454,395.281023984,413.015364531,442.435917924,395.719023987,432.03574764,447.22596051,468.632045763
172,though,Comparison,Contrast,0.06808511,51.0828963308,51.5683431651,50.7826409957,51.4839176287,43.5567682714,38.8616190858,41.9628958463,42.8439171697,36.7516615269,36.5780444964,31.5622144427,28.6393206704,29.5802568906,28.8789802576,30.1746399009,32.3240868236,28.9109802593,31.564256996,32.674044289,34.2379592657
173,thus,Contingency,Cause+Belief,0.00892857,4.983927774,5.0623206186,5.5902669627,5.4464277,4.2079457553,3.8454458133,3.184820919,2.8424995452,2.9226781038,2.226785358,2.1424996572,1.8109818531,1.5602676075,1.4510711964,1.4810711916,1.456249767,1.1900890953,0.8834820015,0.601785618,0.6837498906
174,thus,Contingency,Cause,0.9910714,553.21605548,561.917662372,620.519714254,604.553554,467.082040106,426.844541266,353.51516838,315.517490904,324.417312076,247.17320716,237.817493144,201.019012062,173.18972715,161.068923928,164.398923832,161.64374534,132.099906906,98.06651503,66.79821236,75.896247812
175,till,Contingency,Negative-condition,0.2,95.482,80.488,66.034,65.348,74.324,59.622,57.956,57.298,42.598,35.432,27.198,25.906,24.826,21.722,17.882,18.232,14.752,12.55,9.476,8.632
176,till,Temporal,Asynchronous,0.8,381.928,321.952,264.136,261.392,297.296,238.488,231.824,229.192,170.392,141.728,108.792,103.624,99.304,86.888,71.528,72.928,59.008,50.2,37.904,34.528
177,ultimately,Contingency,Cause,0.08333333,1.2533332832,1.0941666229,1.1233332884,1.1841666193,0.9591666283,0.9983332934,0.9174999633,0.9708332945,1.0808332901,1.2699999492,1.2908332817,1.1191666219,1.1949999522,1.0466666248,1.3049999478,1.6508332673,2.0991665827,2.4308332361,2.6324998947,3.241666537
178,ultimately,Expansion,Conjunction,0.05555556,0.8355556224,0.7294445028,0.7488889488,0.7894445076,0.6394444956,0.6655556088,0.6116667156,0.647222274,0.7205556132,0.8466667344,0.8605556244,0.7461111708,0.7966667304,0.6977778336,0.8700000696,1.1005556436,1.3994445564,1.6205556852,1.7550001404,2.161111284
179,ultimately,Temporal,Asynchronous,0.8611111,12.951110944,11.306388743,11.607777628,12.236388731,9.911388761,10.316110978,9.480833211,10.031944315,11.168610967,13.123333164,13.338610939,11.564722073,12.348333174,10.815555416,13.484999826,17.058610891,21.691388609,25.118610787,27.202499649,33.49722179
180,unless,Contingency,Negative-condition,1,114.02,113.19,119.44,123.37,111.65,116.14,118.8,107.31,111.57,129.77,123.27,123.9,126.06,111.47,106.76,101.56,88.74,83.23,75.18,69.19
181,until,Contingency,Condition,0.1065089,27.323793206,31.250776349,33.184977973,36.624150354,37.65089615,43.627110529,46.606164462,47.308058113,52.354449795,55.151373509,52.532319658,50.026165241,50.433029239,49.227348491,47.562614384,43.628175618,44.277879908,49.631017222,51.914568038,51.510899307
182,until,Temporal,Asynchronous,0.8934911,229.216206794,262.159223651,278.385022027,307.235849646,315.84910385,365.982889471,390.973835538,396.861941887,439.195550205,462.658626491,440.687680342,419.663834759,423.076970761,412.962651509,398.997385616,365.991824382,371.442120092,416.348982778,435.505431962,432.119100693
183,upon,Temporal,Asynchronous,0.1,203.541,224.837,244.176,216.558,187.842,183.613,172.47,156.207,144.381,120.434,99.998,66.725,49.048,33.816,27.298,25.852,19.915,13.843,13.716,13.604
184,upon,Temporal,Synchronous,0.6,1221.246,1349.022,1465.056,1299.348,1127.052,1101.678,1034.82,937.242,866.286,722.604,599.988,400.35,294.288,202.896,163.788,155.112,119.49,83.058,82.296,81.624
185,upon,Contingency,Cause,0.3,610.623,674.511,732.528,649.674,563.526,550.839,517.41,468.621,433.143,361.302,299.994,200.175,147.144,101.448,81.894,77.556,59.745,41.529,41.148,40.812
186,whatever,Comparison,Concession,1,215.72,159.65,166.19,170.05,166.56,172.07,164.85,143.88,133.73,139.59,127.62,121.91,119.96,125.01,139.72,152.35,149.87,154.33,168.17,165.63
187,when,Comparison,Concession,0.003724395,8.6951215428,8.7214902594,8.57240272755,9.29724448245,9.12465601815,9.11489810325,9.32622027555,9.546369264,9.92800801965,9.74275661235,9.2101308834,9.2145256695,8.9636504223,9.13344559035,8.5613412744,8.51713270575,8.54744928105,9.082309647,9.25895770185,8.9874120624
188,when,Comparison,Contrast,0.001396648,3.26067028672,3.27055855456,3.21465073512,3.48646636888,3.42174570056,3.4180864828,3.49733229032,3.5798881536,3.72300267416,3.65353340264,3.45379877216,3.4554468168,3.36136860752,3.42504178984,3.21050269056,3.1939244788,3.20529319352,3.4058658128,3.47210882744,3.37027922176
189,when,Contingency,Cause,0.09310987,217.3780268968,218.0372447764,214.3100566803,232.4310995797,228.1163882039,227.8724403445,233.1554943683,238.659218784,248.2001871629,243.5689022291,230.2532597204,230.363129367,224.0912485238,228.3361274971,214.0335203664,212.9283062095,213.6862205513,227.057728982,231.4739301161,224.6852894944
190,when,Contingency,Condition+SpeechAct,0.01210428,28.2591362592,28.3448345616,27.8603002332,30.2160352068,29.6551228716,29.623409658,30.3102065052,31.025690496,32.2660160676,31.6639491804,29.9329160976,29.947199148,29.1318548472,29.6836889724,27.8243505216,27.680672718,27.7792015572,29.517497208,30.0916032084,29.2090801536
191,when,Contingency,Condition,0.1447858,338.022720112,339.047803576,333.252028002,361.430240398,354.720866426,354.34152763,362.556673922,371.11496256,385.951163486,378.749517794,358.043700536,358.21454778,348.461776292,355.062560914,332.822014176,331.10340673,332.281963142,353.07465188,359.941842374,349.385509696
192,when,Expansion,Manner,0.001862197,4.34755960408,4.36074395884,4.28620021293,4.64862099307,4.56232678409,4.55744782795,4.66310888573,4.7731833504,4.96400267699,4.87137699821,4.60506420524,4.6072615977,4.48182400778,4.56672156901,4.28066948784,4.25856520945,4.27372349303,4.5411536042,4.62947760791,4.49370482464
193,when,Contingency,Cause+Belief,0.001396648,3.26067028672,3.27055855456,3.21465073512,3.48646636888,3.42174570056,3.4180864828,3.49733229032,3.5798881536,3.72300267416,3.65353340264,3.45379877216,3.4554468168,3.36136860752,3.42504178984,3.21050269056,3.1939244788,3.20529319352,3.4058658128,3.47210882744,3.37027922176
194,when,Temporal,Asynchronous,0.1899441,443.451093624,444.795897852,437.192435529,474.159356271,465.357346677,464.859693135,475.637121369,486.86471712,506.328289047,496.880469513,469.716563772,469.94069781,457.146063234,465.805614753,436.628301552,434.373665085,435.919810059,463.19768226,472.206730923,458.357906592
195,when,Temporal,Synchronous,0.07495527,174.9935715528,175.5242548644,172.5237954063,187.1115900537,183.6381628419,183.4417800345,187.6947420543,192.125348064,199.8060145809,196.0777394511,185.3583862884,185.446833507,180.3978465198,183.8150572791,172.3011782544,171.4114591995,172.0215950973,182.785921422,186.3410498781,180.8760611424
196,when,Expansion,Level-of-detail,0.001862197,4.34755960408,4.36074395884,4.28620021293,4.64862099307,4.56232678409,4.55744782795,4.66310888573,4.7731833504,4.96400267699,4.87137699821,4.60506420524,4.6072615977,4.48182400778,4.56672156901,4.28066948784,4.25856520945,4.27372349303,4.5411536042,4.62947760791,4.49370482464
197,whenever,Contingency,Condition,1,59.87,58.86,53.71,62.89,57.98,57.91,50.53,44.94,47.64,48.31,41.05,42.01,42.3,41.66,40.96,43.57,37.15,45.13,45.83,43.07
198,where,Contingency,Condition,1,1078.87,1047.9,1074.14,1063.74,1016.38,1007.69,1009.36,1070.16,1034.84,1037.39,984.61,1082.29,1080.59,1075.98,1131.87,1148.94,1119.37,1174.62,1156.32,1160.75
199,whereas,Comparison,Contrast,1,19.05,21.73,17.59,17.84,20.55,17.08,19.14,18.21,21.89,24.24,30.31,27.57,25.47,22.12,20.71,20.6,17.08,17.89,15.91,18.93
200,whether,Comparison,Concession,1,330.88,307.92,299.49,287.61,298.64,295.34,281.75,260,243.89,256.72,249.37,241.99,240.95,246.22,227.45,211.59,196,197.23,183.71,208.19
201,while,Comparison,Concession,0.2752179,231.997680984,234.444368115,270.255721263,261.836805702,244.00819014,235.264517457,233.205887565,241.820207835,225.186037959,218.024868201,204.299751528,187.789429707,183.091460154,168.196667406,164.783965446,165.871076151,160.779545001,179.546653602,182.24929338,201.930125409
202,while,Comparison,Contrast,0.2970112,250.368561152,253.00899072,291.656088064,282.570515456,263.33012992,253.894084096,251.67244032,260.96889088,243.017533952,235.289302528,220.477353984,202.659652096,197.589670912,181.515424768,177.832485888,179.005680128,173.510972928,193.764166656,196.68081664,217.920087552
203,while,Comparison,Similarity,0.00124533,1.0497633768,1.0608343605,1.2228767001,1.1847820554,1.104109578,1.0645454439,1.0552303755,1.0942092045,1.0189414593,0.9865379727,0.9244333656,0.8497260189,0.8284682358,0.7610709762,0.7456288842,0.7505479377,0.7275093327,0.8124283854,0.824657526,0.9137110743
204,while,Expansion,Conjunction,0.01369863,11.5473971448,11.6691779655,13.4516437011,13.0326026094,12.145205358,11.7099998829,11.6075341305,12.0363012495,11.2083560523,10.8519176997,10.1687670216,9.3469862079,9.1131505938,8.3717807382,8.2019177262,8.2560273147,8.0026026597,8.9367122394,9.071232786,10.0508218173
205,while,Temporal,Synchronous,0.3592777,302.856729992,306.050708745,352.799923069,341.809618226,318.53560882,307.121356291,304.433959095,315.679351105,293.964606917,284.616201163,266.699022264,245.145953041,239.013082702,219.568973578,215.113930098,216.533077013,209.886439563,234.385585926,237.91369294,263.605641267
206,with,Comparison,Concession,0.006734,54.01853184,55.59226764,57.13253546,55.14257112,52.06432504,52.25422384,50.67112778,50.85611076,49.38035466,47.75254484,47.54729252,44.46945048,43.10413198,42.83652282,42.16736524,41.91470556,42.48534472,43.39140442,44.69753106,44.44749764
207,with,Comparison,Contrast,0.003367003,27.00928998528,27.79615858638,28.56629318257,27.57131012604,26.03218571468,26.12713519928,25.33558646401,25.42807803642,24.69019932897,23.87629369378,23.77366744234,22.23474505116,21.55208519291,21.41828049369,21.08370140558,20.95737145302,21.24269128724,21.69572154089,22.34878544277,22.22376862138
208,with,Contingency,Cause+Belief,0.02525253,202.5697350528,208.4712513138,214.2472625007,206.7848873604,195.2414508468,195.9535721928,190.0169549151,190.7106419142,185.1765499647,179.0722558878,178.3025587734,166.7606374116,161.6406869541,160.6371514119,158.1278075058,157.1803325802,159.3202319724,162.7179598839,167.6159406027,166.6783141638
209,with,Contingency,Cause,0.3771044,3025.040991744,3113.170290024,3199.425379436,3087.987258192,2915.605294864,2926.239638944,2837.586165548,2847.945223416,2765.302794156,2674.145347544,2662.651205432,2490.291868368,2413.833951268,2398.847822412,2361.374958184,2347.226001096,2379.181827952,2429.921224972,2503.064394396,2489.062508024
210,with,Contingency,Condition,0.006734007,54.01858799232,55.59232542822,57.13259484933,55.14262844076,52.06437916092,52.25427815832,50.67118045269,50.85616362498,49.38040599093,47.75259447882,47.54734194546,44.46949670604,43.10417678679,42.83656734861,42.16740907302,41.91474913038,42.48538888356,43.39144952541,44.69757752313,44.44754384322
211,with,Expansion,Instantiation,0.02356902,189.0650218752,194.5731018492,199.9640437938,192.9991626936,182.2252922712,182.8899386352,177.3490977234,177.9965387028,172.8313879698,167.1340487652,166.4156650356,155.6432087544,150.8645899494,149.9279570946,147.5859035772,146.7015939468,148.6988327016,151.8700443426,156.4414914618,155.5663737492
212,with,Expansion,Level-of-detail,0.3872054,3106.068789504,3196.558691484,3285.124182626,3170.701114872,2993.701782424,3004.620974704,2913.592857218,2924.229389556,2839.373326146,2745.774164804,2733.972144212,2556.996044088,2478.490149238,2463.102606642,2424.626006044,2410.098059436,2442.909845032,2495.008331602,2570.110690986,2555.733754484
213,with,Expansion,Manner,0.01683502,135.0464900352,138.9808342092,142.8315083338,137.8565915736,130.1609672312,130.6357147952,126.6779699434,127.1404279428,123.4510333098,119.3815039252,118.8683725156,111.1737582744,107.7604579694,107.0914342746,105.4185383372,104.7868883868,106.2134879816,108.4786399226,111.7439604018,111.1188761092
214,with,Temporal,Synchronous,0.01683502,135.0464900352,138.9808342092,142.8315083338,137.8565915736,130.1609672312,130.6357147952,126.6779699434,127.1404279428,123.4510333098,119.3815039252,118.8683725156,111.1737582744,107.7604579694,107.0914342746,105.4185383372,104.7868883868,106.2134879816,108.4786399226,111.7439604018,111.1188761092
215,with,Contingency,Condition,0.006734007,54.01858799232,55.59232542822,57.13259484933,55.14262844076,52.06437916092,52.25427815832,50.67118045269,50.85616362498,49.38040599093,47.75259447882,47.54734194546,44.46949670604,43.10417678679,42.83656734861,42.16740907302,41.91474913038,42.48538888356,43.39144952541,44.69757752313,44.44754384322
216,without,Comparison,Concession,0.06397306,67.1947433016,60.7149120542,59.059928992,57.3652826326,53.6215791614,52.8411078294,48.3514784786,45.9659230712,44.5246100294,42.778785222,39.9812433082,37.2463949932,36.9482805336,35.2216476442,33.7432302276,32.1803683718,30.4997960856,30.0846109262,29.0763955006,29.360435887
217,without,Contingency,Cause,0.006734007,7.07313159252,6.39104402349,6.2168352624,6.03845141697,5.64437732733,5.56222244193,5.08962983067,4.83851870964,4.68680153193,4.5030304809,4.20855235479,3.92067355554,3.88929308292,3.70754223399,3.55191933222,3.38740754121,3.21050517732,3.16680147189,3.06067352157,3.09057251265
218,without,Contingency,Negative-condition,0.03030303,31.8290905908,28.7596966821,27.975757296,27.1730300313,25.3996967157,25.0299997497,22.9033331043,21.7733331156,21.0906058497,20.263636161,18.9384846591,17.6430301266,17.5018180068,16.6839392271,15.9836362038,15.2433331809,14.4472725828,14.2506059181,13.7730301653,13.9075756185
219,without,Expansion,Level-of-detail,0.006734007,7.07313159252,6.39104402349,6.2168352624,6.03845141697,5.64437732733,5.56222244193,5.08962983067,4.83851870964,4.68680153193,4.5030304809,4.20855235479,3.92067355554,3.88929308292,3.70754223399,3.55191933222,3.38740754121,3.21050517732,3.16680147189,3.06067352157,3.09057251265
220,without,Expansion,Manner,0.2087542,219.267061512,198.122348594,192.72187744,187.191978682,174.975682898,172.428881658,157.778511902,149.994067784,145.290835658,139.59393354,130.465112374,121.540870324,120.568075752,114.933799894,110.109490332,105.009625226,99.525652392,98.170837634,94.880871442,95.80774009
221,yet,Comparison,Concession,0.9411765,1015.407090555,827.755319985,923.548264155,830.98355538,767.20943574,715.93414002,692.075315745,667.774138515,637.581196395,554.644723215,495.369427245,418.61648367,409.176483375,383.840011995,379.115305965,399.200012475,372.76236459,339.65177532,343.02118719,337.60001055
222,yet,Comparison,Contrast,0.03921569,42.3086314703,34.4898071981,38.4811801263,34.6243170148,31.9670618604,29.8305910692,28.8364733277,27.8239242119,26.5658848767,23.1101982739,20.6403941177,17.4423545982,17.0490212275,15.9933348527,15.7964720889,16.6333349135,15.5317661814,14.1521582072,14.2925503774,14.066668003
223,yet,Expansion,Conjunction,0.01960784,21.1543103408,17.2448992016,19.2405851568,17.3121540928,15.9835268544,14.9152917312,14.4182329872,13.9119585584,13.2829390512,11.5550961904,10.3201944272,8.7211750752,8.52450844,7.9966653872,7.8982340304,8.316665336,7.7658811104,7.0760772992,7.1462733664,7.033332208
224,alongwith,Expansion,Conjunction,1,17.48,20.86,22.08,21.77,19.96,18.73,21.48,21.34,26.35,31.55,31.24,40.1,54.85,62.42,66.99,69.69,70.98,76.32,83.02,88.4
225,andthen,Expansion,Disjunction,1,294.21,338.48,363.38,429.67,377.88,461.29,449.49,443.29,470.21,452.36,408.86,400.86,439.49,402.91,391.45,371.05,363.67,386.55,380.37,413.42
226,asif,Comparison,Concession,0.25,103.92,89.3425,92.365,94.96,94.3225,97.2675,92.615,78.965,78.5575,73,62.625,63.015,68.905,52.9725,57.575,59.6,58.0625,71.36,69.3025,63.81
227,asif,Comparison,Similarity,0.625,259.8,223.35625,230.9125,237.4,235.80625,243.16875,231.5375,197.4125,196.39375,182.5,156.5625,157.5375,172.2625,132.43125,143.9375,149,145.15625,178.4,173.25625,159.525
228,asif,Expansion,Instantiation,0.0625,25.98,22.335625,23.09125,23.74,23.580625,24.316875,23.15375,19.74125,19.639375,18.25,15.65625,15.75375,17.22625,13.243125,14.39375,14.9,14.515625,17.84,17.325625,15.9525
229,asif,Expansion,Manner,0.0625,25.98,22.335625,23.09125,23.74,23.580625,24.316875,23.15375,19.74125,19.639375,18.25,15.65625,15.75375,17.22625,13.243125,14.39375,14.9,14.515625,17.84,17.325625,15.9525
230,asthough,Comparison,Similarity,0.4,12.432,12.312,17.816,21.288,20.9,20.524,30.916,35.716,34.616,48.444,35.484,43.844,41.444,42.204,35.684,33.856,23.236,26.376,21.768,21.044
231,asthough,Expansion,Manner,0.2,6.216,6.156,8.908,10.644,10.45,10.262,15.458,17.858,17.308,24.222,17.742,21.922,20.722,21.102,17.842,16.928,11.618,13.188,10.884,10.522
232,asthough,Expansion,Level-of-detail,0.4,12.432,12.312,17.816,21.288,20.9,20.524,30.916,35.716,34.616,48.444,35.484,43.844,41.444,42.204,35.684,33.856,23.236,26.376,21.768,21.044
233,aswell,Comparison,Similarity,0.3333333,78.973325436,93.889990611,80.239991976,88.63332447,87.996657867,79.553325378,80.746658592,77.283325605,72.196659447,76.686658998,66.249993375,62.893327044,61.959993804,62.396660427,62.26666044,65.756660091,68.716659795,71.686659498,71.173326216,72.829992717
234,aswell,Expansion,Conjunction,0.6666667,157.946674564,187.780009389,160.480008024,177.26667553,175.993342133,159.106674622,161.493341408,154.566674395,144.393340553,153.373341002,132.500006625,125.786672956,123.920006196,124.793339573,124.53333956,131.513339909,137.433340205,143.373340502,142.346673784,145.660007283
235,becauseof,Contingency,Cause,1,8.31,10.65,15.56,19.71,25.21,33.53,37.67,50.72,81.68,96.09,120.54,122.85,138.07,137.85,147.38,150.96,155.64,138.89,133.71,129.75
236,butalso,Expansion,Conjunction,1,15.18,15.02,17.78,19.29,19.25,20.28,20.53,24.77,27.76,27.7,26.77,28.44,35.26,32.83,39.11,38.47,41.57,42.66,48.85,54.66
237,butthen,Comparison,Concession,1,33.66,20.79,22.65,24.73,25.68,30.5,20.73,19.68,17.97,18.61,13.62,21.76,28.76,36.36,43.92,51.3,56.01,59.37,64.01,66.45
238,bycomparison,Comparison,Contrast,1,1.29,1.24,1.08,1.94,0.83,1.54,1.69,1.96,2.23,2.29,2.49,3.18,3.07,2.76,2.71,3.02,3.42,3.26,3.07,3.55
239,bycontrast,Comparison,Contrast,1,1.86,1.09,1.27,1.45,1.36,1.92,1.94,1.81,2.28,2.42,2.22,1.91,2.15,3.56,5.46,6.38,8.58,9.08,7.12,6.91
240,bythen,Temporal,Asynchronous,0.9285714,0,0.204285708,0.176428566,0.111428568,0.27857142,0.04642857,0.27857142,0.362142846,0.844999974,1.884999942,1.81071423,4.057857018,7.047856926,9.814999698,13.714999578,16.62142806,16.639999488,17.113570902,17.73571374,16.398570924
241,bythen,Contingency,Cause,0.07142857,0,0.0157142854,0.0135714283,0.0085714284,0.021428571,0.0035714285,0.021428571,0.0278571423,0.0649999987,0.1449999971,0.1392857115,0.3121428509,0.5421428463,0.7549999849,1.0549999789,1.278571403,1.2799999744,1.3164285451,1.364285687,1.2614285462
242,dependingon,Contingency,Condition,1,3.44,3.14,2.53,2.24,1.89,1.76,1.49,1.52,1.87,2.94,5.41,6.53,6.5,9.11,9.13,11.03,12.93,20.27,18.52,21.92
243,dependingupon,Contingency,Condition,1,2.86,1.6,1.14,1.33,1.36,0.9,1.54,1.57,1.37,2.21,2.61,2.92,2.74,2.58,2.33,2.19,1.81,1.45,0.83,0.82
244,dueto,Contingency,Cause,1,24.78,25.6,20.24,18.32,27.1,34.28,39.17,46.9,60.97,59.69,73.03,60.92,42.96,38.55,31.42,37.29,26.8,31.92,36.73,61.72
245,evenafter,Temporal,Asynchronous,1,6.59,5.32,3.67,4.9,5.61,7.29,6.48,6.66,6.51,8.01,6.61,6.89,9.01,8.16,8.45,8.12,10.79,11.73,13.7,17.04
246,evenas,Comparison,Concession,0.5769231,8.925000357,9.213461907,17.446154544,12.138462024,9.300000372,9.086538825,10.494231189,12.259615875,11.838462012,14.630769816,12.323077416,9.951923475,9.225000369,9.380769606,9.905769627,11.965385094,14.088462102,14.775000591,17.509616085,18.00000072
247,evenas,Temporal,Synchronous,0.4230769,6.544999643,6.756538093,12.793845456,8.901537976,6.819999628,6.663461175,7.695768811,8.990384125,8.681537988,10.729230184,9.036922584,7.298076525,6.764999631,6.879230394,7.264230373,8.774614906,10.331537898,10.834999409,12.840383915,13.19999928
248,evenbefore,Temporal,Asynchronous,1,3.87,4.67,5.06,5.08,4.25,5.27,5.88,5.73,6.14,6.84,6.5,9.78,11.06,13.22,12.12,12.42,13.37,12.28,12.12,12.78
249,evenif,Comparison,Concession,1,27.79,24.72,31.63,36.1,42.16,49.39,52.57,52.68,57.33,75.31,59.92,69.11,74.82,74.94,81.24,76.66,80.2,83.23,86.58,98.72
250,evenso,Comparison,Concession,1,8.74,8.53,9.49,10.82,6.44,6.76,7.52,6.95,7.6,7.53,7.86,9.89,11.24,11.13,13.12,13.29,14.67,11.89,11.49,11.34
251,eventhen,Temporal,Asynchronous,1,12.03,12.25,11.45,12.64,12.52,12.77,12.11,13.41,13.97,12.55,10.82,11.69,10.29,9.7,8.55,9.43,7.54,9.29,8.7,8.21
252,eventhough,Comparison,Concession,1,10.6,9.34,11.13,12.58,13.05,14.74,15.1,16.6,24.25,28.57,31.59,36.63,42.59,46.26,50.58,53,62.78,76.92,88.25,90.35
253,evenwhen,Comparison,Concession,0.785714,14.29213766,15.93427992,14.91285172,16.01285132,13.54570936,16.1857084,17.46642222,16.3821369,19.4464215,20.06713556,16.71999392,20.24784978,18.95142168,20.42070686,18.80213602,19.92570704,21.2928494,23.20213442,24.84427668,23.31213438
254,evenwhen,Temporal,Synchronous,0.142857,2.59856883,2.89713996,2.71142586,2.91142566,2.46285468,2.9428542,3.17571111,2.97856845,3.53571075,3.64856778,3.03999696,3.68142489,3.44571084,3.71285343,3.41856801,3.62285352,3.8714247,4.21856721,4.51713834,4.23856719
255,evenwhen,Temporal,Asynchronous,0.07142857,1.2992856883,1.4485713996,1.3557142586,1.4557142566,1.2314285468,1.471428542,1.5878571111,1.4892856845,1.7678571075,1.8242856778,1.5199999696,1.8407142489,1.7228571084,1.8564285343,1.7092856801,1.8114285352,1.935714247,2.1092856721,2.2585713834,2.1192856719
256,evenwhile,Temporal,Synchronous,1,8.45,5.25,5.88,7.26,7.14,5.27,5.68,7.39,6.37,6.19,4.16,5.16,4.23,3.84,3.57,3.61,2.45,2.75,2.84,3.7
257,evenwith,Comparison,Concession,1,12.03,11.16,10.56,11.55,11.1,12.83,14.2,12.92,13.29,15.89,12.06,13.86,13.14,14.72,15.55,14.29,14.67,17.29,18.55,20.34
258,forexample,Expansion,Instantiation,1,20.2,26.04,27.39,22.56,22.38,26.72,26.61,23.2,43.73,48,50.51,53.63,68.43,69.82,92.26,101.77,113.53,127.09,86.99,86.06
259,forinstance,Expansion,Instantiation,1,26.64,28.3,25.49,31.27,31.35,47.64,39.32,43.37,52.65,50.47,46.54,50.27,48.18,51.46,56.42,47.38,44.69,46.31,40.09,34.52
260,ifonly,Comparison,Concession,0.8333333,0.958333295,1.458333275,1.949999922,5.241666457,7.383333038,8.783332982,9.591666283,10.033332932,16.949999322,18.974999241,16.599999336,19.274999229,17.241665977,17.824999287,19.374999225,17.341665973,17.024999319,14.933332736,16.133332688,16.574999337
261,ifonly,Contingency,Purpose,0.1666667,0.191666705,0.291666725,0.390000078,1.048333543,1.476666962,1.756667018,1.918333717,2.006667068,3.390000678,3.795000759,3.320000664,3.855000771,3.448334023,3.565000713,3.875000775,3.468334027,3.405000681,2.986667264,3.226667312,3.315000663
262,inaddition,Expansion,Conjunction,1,23.35,29.1,21.45,23.71,18.72,22.73,21.53,23.84,27.71,33.68,43.19,44.46,48.65,46.54,48.86,46.38,51.09,52.49,46.72,53.62
263,incase,Contingency,Condition,1,21.49,24.36,21.76,20.68,27.99,25.87,29.8,32.11,23.3,25.45,27.66,29.31,26.79,29.69,27.92,29.73,24.29,25.4,29.78,32.97
264,incontrast,Comparison,Contrast,1,2.15,2.12,1.77,3.14,3.19,3.14,3.89,4.31,3.59,3.64,5.25,6.57,7.88,11.37,9.31,9.4,14,14.27,9.99,13.09
265,infact,Comparison,Concession,0.04705882,3.0738821224,3.6621173724,3.6169409052,3.9783526428,4.0428232262,4.9515290404,4.3642349668,4.2065879198,4.381176142,4.5054114268,4.2738820324,3.755293836,3.6771761948,4.6287055352,5.4536466498,6.2437642376,5.5665878178,5.8828230882,5.5204701742,4.5449408356
266,infact,Comparison,Contrast,0.08235294,5.3792940408,6.4087057908,6.3296469684,6.9621175476,7.0749410754,8.6651763468,7.6374116556,7.3615293066,7.667058714,7.8844704756,7.4792940108,6.571764612,6.4350587316,8.1002351784,9.5438822166,10.9265880792,9.7415292726,10.2949410294,9.6608233914,7.9536469452
267,infact,Expansion,Conjunction,0.4235294,27.664940408,32.959057908,32.552469684,35.805175476,36.385410754,44.563763468,39.278116556,37.859293066,39.43058714,40.548704756,38.464940108,33.79764612,33.094587316,41.658351784,49.082822166,56.193880792,50.099292726,52.945410294,49.684233914,40.904469452
268,infact,Expansion,Instantiation,0.04705882,3.0738821224,3.6621173724,3.6169409052,3.9783526428,4.0428232262,4.9515290404,4.3642349668,4.2065879198,4.381176142,4.5054114268,4.2738820324,3.755293836,3.6771761948,4.6287055352,5.4536466498,6.2437642376,5.5665878178,5.8828230882,5.5204701742,4.5449408356
269,infact,Expansion,Level-of-detail,0.4117647,26.896470204,32.043528954,31.648234842,34.810587738,35.374705377,43.325881734,38.187058278,36.807646533,38.33529357,39.422352378,37.396470054,32.85882306,32.175293658,40.501175892,47.719411083,54.632940396,48.707646363,51.474705147,48.304116957,39.768234726
270,inorder,Contingency,Condition,0.07272727,8.5316360437,8.8261814872,8.7650905804,8.8094542151,8.3221815061,8.8952723937,8.3352724147,8.6516360392,9.3752723757,9.3585451036,7.9599997015,7.4778179014,6.821817926,5.8007270552,5.9083634148,5.9279997777,5.0872725365,4.9781816315,4.2290907505,5.1098179902
271,inorder,Contingency,Purpose,0.927272,108.77827832,112.53372992,111.75482144,112.32045736,106.10773496,113.41463832,106.27464392,110.30827712,119.53463352,119.32136096,101.4899204,95.34210704,86.9781136,73.95921472,75.33157728,75.58194072,64.8626764,63.4717684,53.9208668,65.15013072
272,inparticular,Expansion,Instantiation,0.4,7.504,8.228,5.744,5.732,4.7,5.876,4.804,6.248,5.388,6.892,5.696,5.14,6.396,6.156,7.156,7.3,8.36,8.448,8.432,10.436
273,inparticular,Expansion,Level-of-detail,0.6,11.256,12.342,8.616,8.598,7.05,8.814,7.206,9.372,8.082,10.338,8.544,7.71,9.594,9.234,10.734,10.95,12.54,12.672,12.648,15.654
274,inshort,Expansion,Level-of-detail,1,49.13,39.82,40.68,31.2,29.7,28.69,22.47,23.3,22.02,19.61,18.13,15.05,16.79,16.4,16.79,16.65,15.48,13.45,11.29,10.92
275,insum,Expansion,Level-of-detail,1,0,0,0.32,0.18,0.3,0,0.25,0.15,0.41,0.26,0.35,0.18,0.58,0.66,1.37,1.7,1.94,1.06,0.83,1.1
276,insofaras,Contingency,Cause,0.5,0,0,0,0,0,0,0,0,0,0.065,0.64,0.63,1.185,1.85,1.89,2.255,2.16,1.115,0.835,1.41
277,insofaras,Expansion,Level-of-detail,0.5,0,0,0,0,0,0,0,0,0,0.065,0.64,0.63,1.185,1.85,1.89,2.255,2.16,1.115,0.835,1.41
278,insteadof,Expansion,Substitution,1,127.77,127.63,127.66,135.04,131.08,137.05,122.34,115.24,120.44,124.75,119.88,116.65,111.39,106.9,97.52,86.82,83.01,90.68,99.1,101.4
279,lateron,Temporal,Asynchronous,1,0,0.58,0.13,0,0.24,2.13,5.78,11.9,11.24,15.06,12.45,12.92,11.35,11.58,11.67,9.54,6.43,8.14,5.77,6.91
280,moreaccurately,Expansion,Level-of-detail,1,2.15,1.68,0.76,1.33,1.18,1.22,1.05,1.03,1.27,1.04,1.52,1.08,0.99,1.54,1.89,1.6,2.01,1.81,2.13,2.06
281,muchless,Expansion,Conjunction,1,21.77,24.51,22.02,19.78,16.59,18.73,18.69,18.41,16.02,16.27,12.72,14.94,11.2,12.84,13.87,13.94,14.91,15.02,13.87,13.6
282,nomatter,Comparison,Concession,1,51.71,26.26,20.18,31.87,31.29,35.29,35.98,36.52,38.13,43.2,39.77,47.03,49.6,50.14,51.13,48.74,50.68,52.28,57.55,58.3
283,notonly,Expansion,Conjunction,1,178.9,162.13,169.54,174.04,163.67,163.72,163.65,162.34,154.89,157.64,148.13,143.03,139.34,134.22,131.24,123.73,117.08,102.87,99.39,89.56
284,nowthat,Contingency,Cause,0.6904762,16.612857372,18.131905012,21.052619338,24.049286046,26.866428942,34.910476672,34.924286196,39.377857686,38.487143388,44.204286324,42.664524398,46.351667306,46.74523874,47.9880959,42.747381542,41.407857714,40.247857698,38.763333868,38.963571966,40.434286272
285,nowthat,Temporal,Asynchronous,0.1190476,2.864285256,3.126189976,3.629761324,4.146427908,4.632142116,6.019046656,6.021427608,6.789284628,6.635713224,7.621427352,7.355951204,7.991665388,8.05952252,8.2738082,7.370236916,7.139284572,6.939284604,6.683332264,6.717856068,6.971427456
286,nowthat,Temporal,Synchronous,0.1904762,4.582857372,5.001905012,5.807619338,6.634286046,7.411428942,9.630476672,9.634286196,10.862857686,10.617143388,12.194286324,11.769524398,12.786667306,12.89523874,13.2380959,11.792381542,11.422857714,11.102857698,10.693333868,10.748571966,11.154286272
287,onlyif,Contingency,Condition,1,0,0.22,0.63,0.36,0.41,0.69,1.2,1.27,2.5,2.81,4.12,6.06,10.66,12,14.52,12.56,12.93,12.31,9.48,10.49
288,orotherwise,Expansion,Disjunction,1,6.88,6.86,6.71,6.59,5.61,6.76,5.63,6.36,5.23,6.1,6.69,6.39,6.02,5.58,5.43,5.1,4.09,4.68,4.45,6.8
289,ratherthan,Expansion,Substitution,1,70.33,67.97,71.36,79.7,70.2,72.6,71.81,72.7,79.35,84.23,85.99,74.31,78.76,87.05,93.81,98.2,99.29,110.86,87.04,90.09
290,regardlessof,Comparison,Concession,1,10.17,7.44,7.59,7.5,5.67,7.61,6.98,9.2,8.6,11.56,13.42,14.51,17.04,13.4,14.01,12.7,12.96,13.88,14.56,1
291,sincebefore,Temporal,Asynchronous,1,0,0,0,0,0.06,0.27,0.05,0.24,0.32,0.35,0.47,1.59,1.61,1.12,0.89,1.35,1.27,2.05,1.92,2.76
292,soas,Contingency,Purpose,1,47.84,66.95,63.01,65.25,55.74,60.89,48.34,45.38,38.95,40.17,29.69,23.64,18.98,16.5,17.99,16.51,13.43,12.43,10.45,11.79
293,sothat,Contingency,Cause,0.32258,34.9321882,38.7966966,47.3450666,51.6579612,49.596675,53.257958,49.7676424,57.7192394,57.5224656,64.7030964,58.6547214,60.5289112,58.806334,53.4934414,49.9224808,48.3031292,40.5870156,38.7386322,33.9870288,36.870894
294,sothat,Contingency,Purpose,0.6774194,73.357746826,81.473231238,99.424845338,108.481942716,104.15323275,111.84194294,104.512265032,121.210653242,120.797427408,135.876783252,123.175169502,127.110976216,123.49355662,112.336459102,104.837426344,101.436780956,85.232908908,81.351295746,71.372907984,77.42903742
295,suchas,Expansion,Instantiation,1,125.48,144.63,140.63,137.34,125.23,106.34,100.71,105.55,108.34,101.76,111.75,102.25,109.16,102.86,115.2,116.62,140.93,188.21,184.6,182.36
296,thatis,Expansion,Equivalence,0.5,130.06,121.65,127.445,138.73,138.34,156.505,178.025,167.89,180.595,170.91,153.87,127.51,123.87,122.5,126.91,132.66,124.9,115.795,101.835,111.075
297,thatis,Expansion,Level-of-detail,0.5,130.06,121.65,127.445,138.73,138.34,156.505,178.025,167.89,180.595,170.91,153.87,127.51,123.87,122.5,126.91,132.66,124.9,115.795,101.835,111.075
298,asaresult,Contingency,Cause,1,0,0.51,0.25,0.18,1.48,3.03,5.68,7.98,15.33,20.82,29.65,35.55,35.8,39.98,40.48,39.23,39.6,31.8,29.26,30.63
299,asanalternative,Expansion,Disjunction,1,0,0.07,0.06,0.12,0.06,0.16,0.2,0.29,0.32,0.35,0.62,1.15,0.4,0.94,1.34,1.14,1.57,1.6,1.38,1.52
300,aslongas,Contingency,Condition,0.6875,22.061875,18.349375,18.13625,19.58,24.880625,28.215,25.114375,27.1975,26.18,29.968125,30.600625,34.63625,36.78125,38.905625,39.373125,40.734375,37.90875,39.716875,40.35625,36.980625
301,aslongas,Temporal,Synchronous,0.3125,10.028125,8.340625,8.24375,8.9,11.309375,12.825,11.415625,12.3625,11.9,13.621875,13.909375,15.74375,16.71875,17.684375,17.896875,18.515625,17.23125,18.053125,18.34375,16.809375
302,asmuchas,Comparison,Concession,0.5,17.905,20.055,19.895,22.585,22.14,25.095,23.07,20.71,19.18,22.03,19.145,21.635,22.5,22,21.12,23.9,25.26,23.35,23.26,23.215
303,asmuchas,Expansion,Conjunction,0.25,8.9525,10.0275,9.9475,11.2925,11.07,12.5475,11.535,10.355,9.59,11.015,9.5725,10.8175,11.25,11,10.56,11.95,12.63,11.675,11.63,11.6075
304,asmuchas,Expansion,Substitution,0.25,8.9525,10.0275,9.9475,11.2925,11.07,12.5475,11.535,10.355,9.59,11.015,9.5725,10.8175,11.25,11,10.56,11.95,12.63,11.675,11.63,11.6075
305,assoonas,Temporal,Synchronous,0.45,37.386,47.358,37.719,40.194,40.122,44.0235,44.244,47.961,41.4855,42.1695,32.0265,34.5105,33.0255,31.8105,31.0725,28.926,26.1225,23.823,23.8545,24.066
306,assoonas,Temporal,Asynchronous,0.55,45.694,57.882,46.101,49.126,49.038,53.8065,54.076,58.619,50.7045,51.5405,39.1435,42.1795,40.3645,38.8795,37.9775,35.354,31.9275,29.117,29.1555,29.414
307,aswellas,Expansion,Conjunction,1,184.92,224.27,187.13,201.44,198.51,174.2,173.52,168.36,151.11,151.49,134.86,117.55,119.53,114.79,115.92,120.19,117.51,118.25,111.45,118.75
308,beforeandafter,Temporal,Asynchronous,1,0.86,1.75,1.96,2.18,1.95,1.28,1.54,1.62,1.91,2.21,2.26,2.02,2.34,2.41,2.33,2.32,1.91,3.05,3.16,3.86
309,butthenagain,Comparison,Concession,1,0,0.22,0.19,0.36,0.3,0.21,0.1,0.1,0.23,0.22,0.27,0.14,0.44,0.49,0.89,1.14,1.44,2.02,2.67,2.91
310,evenbeforethen,Temporal,Asynchronous,1,0,0,0,0,0,0,0.05,0,0,0,0.04,0.04,0.18,0.1,0.03,0.03,0.03,0.03,0,0.06
311,ifandwhen,Contingency,Condition,0.8333333,0,0,0,0,0,0,0,0.041666665,0,0.108333329,0.941666629,1.474999941,1.858333259,2.241666577,1.891666591,1.591666603,0.949999962,0.8333333,1.124999955,1.224999951
312,ifandwhen,Temporal,Synchronous,0.1666667,0,0,0,0,0,0,0,0.008333335,0,0.021666671,0.188333371,0.295000059,0.371666741,0.448333423,0.378333409,0.318333397,0.190000038,0.1666667,0.225000045,0.245000049
313,inanycase,Comparison,Concession,1,5.16,3.5,3.61,3.75,5.08,6.44,7.47,7.1,10.24,9.44,10.31,12.34,14.34,16.89,16.62,20.19,13.73,11.76,8.27,6.77
314,inotherwords,Expansion,Equivalence,1,12.03,17.94,18.35,17.11,17.95,20.49,17.39,18.16,22.2,22.03,22.92,23.21,21.35,20.97,19.92,16.96,15.81,17.56,16.25,18.84
315,intheend,Comparison,Concession,0.07692308,0.726923106,0.9592308076,1.065384658,1.242307742,1.0761538892,1.2407692804,1.2800000512,1.2953846672,1.98076931,1.834615458,1.7746154556,1.61538468,1.6507692968,1.9138462304,1.6376923732,1.7607693012,1.811538534,1.9861539256,2.0853846988,2.0376923892
316,intheend,Comparison,Contrast,0.07692308,0.726923106,0.9592308076,1.065384658,1.242307742,1.0761538892,1.2407692804,1.2800000512,1.2953846672,1.98076931,1.834615458,1.7746154556,1.61538468,1.6507692968,1.9138462304,1.6376923732,1.7607693012,1.811538534,1.9861539256,2.0853846988,2.0376923892
317,intheend,Contingency,Cause,0.1538462,1.45384659,1.918462114,2.13076987,2.48461613,2.152308338,2.481539206,2.560000768,2.590770008,3.96153965,3.66923187,3.549231834,3.2307702,3.301539452,3.827693456,3.275385598,3.521539518,3.62307801,3.972308884,4.170770482,4.075385838
318,intheend,Expansion,Conjunction,0.07692308,0.726923106,0.9592308076,1.065384658,1.242307742,1.0761538892,1.2407692804,1.2800000512,1.2953846672,1.98076931,1.834615458,1.7746154556,1.61538468,1.6507692968,1.9138462304,1.6376923732,1.7607693012,1.811538534,1.9861539256,2.0853846988,2.0376923892
319,intheend,Expansion,Level-of-detail,0.2307692,2.18076894,2.877691924,3.19615342,3.72692258,3.228461108,3.722307196,3.839999488,3.886153328,5.9423069,5.50384542,5.323845444,4.8461532,4.952307032,5.741537696,4.913076268,5.282306988,5.43461466,5.958460744,6.256153012,6.113076108
320,intheend,Temporal,Asynchronous,0.2307692,2.18076894,2.877691924,3.19615342,3.72692258,3.228461108,3.722307196,3.839999488,3.886153328,5.9423069,5.50384542,5.323845444,4.8461532,4.952307032,5.741537696,4.913076268,5.282306988,5.43461466,5.958460744,6.256153012,6.113076108
321,inthemeantime,Temporal,Asynchronous,0.1785714,2.762499558,2.253571068,1.683928302,2.126785374,1.45535691,1.985713968,1.833928278,2.52678531,2.949999528,2.93749953,3.119642358,2.87499954,2.391071046,2.467856748,2.041071102,2.396428188,2.4107139,2.257142496,2.024999676,2.094642522
322,inthemeantime,Temporal,Synchronous,0.7857143,12.155000221,9.915714466,7.409285849,9.357857313,6.403571545,8.737143016,8.069285861,11.117857345,12.980000236,12.925000235,13.726428821,12.65000023,10.520714477,10.858571626,8.980714449,10.544285906,10.60714305,9.931428752,8.910000162,9.216428739
323,inthemeantime,Comparison,Contrast,0.0357142,0.552498674,0.450713204,0.336784906,0.425356122,0.29107073,0.397141904,0.366784834,0.50535593,0.589998584,0.58749859,0.623927074,0.57499862,0.478213138,0.493570244,0.408213306,0.479284564,0.4821417,0.451427488,0.404999028,0.418927566
324,inthemeanwhile,Temporal,Synchronous,1,2.15,6.35,4.68,2.12,1.83,1.65,1.3,2.4,1.73,2.38,2.22,0.87,1.28,1.26,0.76,0.66,0.57,0.3,0.11,0.28
325,onthecontrary,Comparison,Contrast,1,47.84,43.98,37.96,36.59,35.54,36.94,27.16,25.36,23.66,24.07,19.3,17.65,15.77,14.03,13.22,8.78,5.46,5.67,3.91,3.22
326,solongas,Contingency,Condition,1,18.19,26.99,32.77,28.18,30.35,31.67,34.33,31.14,30.12,32.55,29.22,23.93,20.69,18.42,17,11.9,9.15,6.79,6.98,6.46
327,somuchas,Expansion,Substitution,1,35.81,40.11,39.79,45.17,44.28,50.19,46.14,41.42,38.36,44.06,38.29,43.27,45,44,42.24,47.8,50.52,46.7,46.52,46.43
328,whenandif,Temporal,Asynchronous,0.5,0,0,0,0,0,0,0,0,0,0,0.135,0.27,0.765,0.8,0.345,0.365,0.47,0.225,0.17,0.195
329,whenandif,Contingency,Condition,0.5,0,0,0,0,0,0,0,0,0,0,0.135,0.27,0.765,0.8,0.345,0.365,0.47,0.225,0.17,0.195
330,ontheotherhand,Comparison,Concession,0.1111111,3.118888577,3.946666272,3.928888496,4.253332908,3.903332943,4.695555086,4.95555506,5.173332816,5.212221701,5.502221672,4.819999518,4.972221725,4.785555077,4.798888409,4.856666181,4.552221767,4.016666265,3.827777395,3.082221914,2.695555286
331,ontheotherhand,Comparison,Contrast,0.8888889,24.951111423,31.573333728,31.431111504,34.026667092,31.226667057,37.564444914,39.64444494,41.386667184,41.697778299,44.017778328,38.560000482,39.777778275,38.284444923,38.391111591,38.853333819,36.417778233,32.133333735,30.622222605,24.657778086,21.564444714
332,notsomuchas,Expansion,Substitution,1,2.29,2.63,3.42,2.78,2.13,2.77,3.64,3.08,2.78,2.16,2.37,1.55,1.82,1.26,1.1,1.14,1.07,0.94,1.29,0.96
333,notonlybecauseof,Contingency,Cause,1,0,0,0.06,0.12,0.24,0.53,0.25,0.15,0.5,0.52,0.74,0.72,0.88,0.87,0.65,1.04,0.67,0.42,0.46,0.54
